/*
   The Step 1:

   Add registered users in Table: AspNetUsers, AspNetRoles, AspNetUserRoles, User

   The Testing data will be saved in different role Table (ID: 21-25)

		Password.2018
		mysmartrp+s1@gmail.com            [student]           st1-testing
		mysmartrp+co@gmail.com            [coordinator]       coordinator-testing
		mysmartrp+super@gmail.com         [supervisor]        supervisor-testing
		mysmartrp+cosuper@gmail.com       [co-superviosr]     cosupervisor-testing
		mysmartrp+extsuper@gmail.com      [ext-supervisor]    extsupervisor-testing
*/


INSERT [dbo].[AspNetUsers] ([Id], [Email], [EmailConfirmed], [PasswordHash], [SecurityStamp], [PhoneNumber], [PhoneNumberConfirmed], [TwoFactorEnabled], [LockoutEndDateUtc], [LockoutEnabled], [AccessFailedCount], [UserName]) VALUES (N'008b1bde-db79-4970-a7af-a586c38e5e8b', N'jesse.clark@uts.edu.au', 1, N'AI06eiAeier6JAzY0lVdzpiQCXJEQdLHBjYBERXgf1pnn9oDN5Qb5/SsIqgrdmaVbA==', N'eae15452-27e9-4ced-b86b-427512f61ded', NULL, 0, 0, NULL, 1, 0, N'jesse.clark@uts.edu.au')
INSERT [dbo].[AspNetUsers] ([Id], [Email], [EmailConfirmed], [PasswordHash], [SecurityStamp], [PhoneNumber], [PhoneNumberConfirmed], [TwoFactorEnabled], [LockoutEndDateUtc], [LockoutEnabled], [AccessFailedCount], [UserName]) VALUES (N'0589858e-484b-454b-9c3a-b4c7218c141c', N'enkil057@gmail.com', 1, N'ABYe/OUslO3Vh3761LEvCzA+Y5x3KgTmmM6QjXHLxBqAhzZz9v4sSjftSLuxOIJSEA==', N'78108361-7214-4218-b5f8-67af741a577f', NULL, 0, 0, NULL, 1, 0, N'enkil057@gmail.com')
INSERT [dbo].[AspNetUsers] ([Id], [Email], [EmailConfirmed], [PasswordHash], [SecurityStamp], [PhoneNumber], [PhoneNumberConfirmed], [TwoFactorEnabled], [LockoutEndDateUtc], [LockoutEnabled], [AccessFailedCount], [UserName]) VALUES (N'08b57d3c-2435-4f85-817d-42e6dd67d7eb', N'hongrui.wang@student.uts.edu.au', 1, N'AFaNtkB8KzHrg/AM6/fIpQnQF++7OIbhT301ik5PwNJSagcLwZhALRWhyt4L1zFt4w==', N'3e958109-e183-4cc6-b078-535b41dce872', NULL, 0, 0, NULL, 1, 0, N'hongrui.wang@student.uts.edu.au')
INSERT [dbo].[AspNetUsers] ([Id], [Email], [EmailConfirmed], [PasswordHash], [SecurityStamp], [PhoneNumber], [PhoneNumberConfirmed], [TwoFactorEnabled], [LockoutEndDateUtc], [LockoutEnabled], [AccessFailedCount], [UserName]) VALUES (N'09f12abc-0008-4871-a929-1f2017212626', N'mysmartrp+cosuper001@gmail.com', 1, N'AI5H1iInDs5h+79SIx7bQHNOGTWj6Af8oCBfn+EopT5Ew7Z6QrT6t3UAoru1kofu1A==', N'db598e02-e63b-4c5f-9adc-613d96c51412', NULL, 0, 0, NULL, 1, 0, N'mysmartrp+cosuper001@gmail.com')
INSERT [dbo].[AspNetUsers] ([Id], [Email], [EmailConfirmed], [PasswordHash], [SecurityStamp], [PhoneNumber], [PhoneNumberConfirmed], [TwoFactorEnabled], [LockoutEndDateUtc], [LockoutEnabled], [AccessFailedCount], [UserName]) VALUES (N'0b7d4b75-0515-42a8-84cf-41603cafc380', N'Thitarat.Lertnimittham-1@student.uts.edu.au', 1, N'AGAIcnypOSVVRI0qNKwUaLlhr7ULBdxbpEKaUhZadLMh+tKUYOVPmfWuSEkBiHl5kA==', N'ea8ca062-2018-42bd-b701-c582fa818220', NULL, 0, 0, NULL, 1, 0, N'Thitarat.Lertnimittham-1@student.uts.edu.au')
INSERT [dbo].[AspNetUsers] ([Id], [Email], [EmailConfirmed], [PasswordHash], [SecurityStamp], [PhoneNumber], [PhoneNumberConfirmed], [TwoFactorEnabled], [LockoutEndDateUtc], [LockoutEnabled], [AccessFailedCount], [UserName]) VALUES (N'0c68318a-a1f3-4882-86e7-b22550d2c4de', N'12646865@student.uts.edu.au', 1, N'AJ6vOSiF1cY1X5/SmsL+w/NshLqVPpmPFrDQ1CHhDHovtcggyE3JH0DhOGK7PbOwQw==', N'9a2b148f-05dc-4c5a-ad43-a026166ca96f', NULL, 0, 0, NULL, 1, 0, N'12646865@student.uts.edu.au')
INSERT [dbo].[AspNetUsers] ([Id], [Email], [EmailConfirmed], [PasswordHash], [SecurityStamp], [PhoneNumber], [PhoneNumberConfirmed], [TwoFactorEnabled], [LockoutEndDateUtc], [LockoutEnabled], [AccessFailedCount], [UserName]) VALUES (N'0d86ca3b-3b25-49d3-b1c8-9fc617cd82cb', N'ashikussalehin@gmail.com', 1, N'AIVo3Svdx7sZPSFznpgvll7Ao6UZyR7tgm/COTJ0rCG2qOmi1Zbv9McNQ5leuHHAZA==', N'f7174eae-259c-4442-be9e-5c984d193a2a', NULL, 0, 0, NULL, 1, 0, N'ashikussalehin@gmail.com')
INSERT [dbo].[AspNetUsers] ([Id], [Email], [EmailConfirmed], [PasswordHash], [SecurityStamp], [PhoneNumber], [PhoneNumberConfirmed], [TwoFactorEnabled], [LockoutEndDateUtc], [LockoutEnabled], [AccessFailedCount], [UserName]) VALUES (N'11f453d4-e7b4-44a9-945b-6d58d039cd2d', N'Jaime.Garcia@uts.edu.au', 1, N'AGtaKnkYIxM7WQawqIdp6Hsg3cXAIkBXJzqjsoZ9y7+1heSJeLysmE5okcwDiLWQ6A==', N'ab19284b-b35e-4ee5-89ff-543736cee907', NULL, 0, 0, NULL, 1, 0, N'Jaime.Garcia@uts.edu.au')
INSERT [dbo].[AspNetUsers] ([Id], [Email], [EmailConfirmed], [PasswordHash], [SecurityStamp], [PhoneNumber], [PhoneNumberConfirmed], [TwoFactorEnabled], [LockoutEndDateUtc], [LockoutEnabled], [AccessFailedCount], [UserName]) VALUES (N'1243cce0-b376-4b6f-a7ab-bd1866af5dcf', N'kingselyxie@gmail.com', 0, N'AFWo4MXS3LmLcvUyIHZu6R9wGg77pk6Tgm/trFUSM+FxniKZyrOSyTuznUI5RQrSrg==', N'070e02f0-6291-4088-9c92-294e19160384', NULL, 0, 0, NULL, 1, 0, N'kingselyxie@gmail.com')
INSERT [dbo].[AspNetUsers] ([Id], [Email], [EmailConfirmed], [PasswordHash], [SecurityStamp], [PhoneNumber], [PhoneNumberConfirmed], [TwoFactorEnabled], [LockoutEndDateUtc], [LockoutEnabled], [AccessFailedCount], [UserName]) VALUES (N'12a0bd28-0d79-4601-9a17-a9b9a6c6982c', N'99183954@student.uts.edu.au', 1, N'AGPWwEGEZlOZRMKpGcmsxNAiGICAU0wsqqDKKrg2jyzJ/xab2cJwqxrzuJXwnUXVLQ==', N'6675df2b-7197-4e7f-b3d9-2245e20c4eaf', NULL, 0, 0, NULL, 1, 0, N'99183954@student.uts.edu.au')
INSERT [dbo].[AspNetUsers] ([Id], [Email], [EmailConfirmed], [PasswordHash], [SecurityStamp], [PhoneNumber], [PhoneNumberConfirmed], [TwoFactorEnabled], [LockoutEndDateUtc], [LockoutEnabled], [AccessFailedCount], [UserName]) VALUES (N'1824cc02-7662-489d-b03c-b39a998ba6e9', N'SalvatoreFlavio.Pileggi@uts.edu.au', 1, N'ADJ1JCpkGjc+5zemNaJLhir5Km1ksdwkmgEEyY6v8M5WUF9E01xBs1OjTgt2Urk54w==', N'b93d6231-e6f4-4877-9640-f49e33dadbba', NULL, 0, 0, NULL, 1, 0, N'SalvatoreFlavio.Pileggi@uts.edu.au')
INSERT [dbo].[AspNetUsers] ([Id], [Email], [EmailConfirmed], [PasswordHash], [SecurityStamp], [PhoneNumber], [PhoneNumberConfirmed], [TwoFactorEnabled], [LockoutEndDateUtc], [LockoutEnabled], [AccessFailedCount], [UserName]) VALUES (N'190dc764-dcae-45df-a155-ff1c16da197a', N'12629186@student.uts.edu.au', 1, N'AEy37Hq26/Y1t+dGEEELNXgMIMs+gjvZ18GWU0DPQELQxWJXKwkY+AhfN6IWXlbDCw==', N'8732078e-fa3b-4eeb-9f1b-c54c52efc910', NULL, 0, 0, NULL, 1, 0, N'12629186@student.uts.edu.au')
INSERT [dbo].[AspNetUsers] ([Id], [Email], [EmailConfirmed], [PasswordHash], [SecurityStamp], [PhoneNumber], [PhoneNumberConfirmed], [TwoFactorEnabled], [LockoutEndDateUtc], [LockoutEnabled], [AccessFailedCount], [UserName]) VALUES (N'19cbf159-e1a5-4fed-9648-e4e263b10261', N'janezzy666@gmail.com', 1, N'AON3uAkILR/ws1Z1ysaPGqV/HHuJToRKgcYVpPKdgwxobB6ao0K6XwhbWqCU1OiDeg==', N'e2aa8093-00bc-4967-8e35-8805451f6bbc', NULL, 0, 0, NULL, 1, 0, N'janezzy666@gmail.com')
INSERT [dbo].[AspNetUsers] ([Id], [Email], [EmailConfirmed], [PasswordHash], [SecurityStamp], [PhoneNumber], [PhoneNumberConfirmed], [TwoFactorEnabled], [LockoutEndDateUtc], [LockoutEnabled], [AccessFailedCount], [UserName]) VALUES (N'1e5bf660-d442-4fcb-b28b-50421172416a', N'roberto.martinez-maldonado@uts.edu.au', 1, N'AOiMc8EtZVxkOChm4lFD/MAzhnZKsZzU4cSFCczKLocTuqM3UJv+AscAsR5RZn1qTg==', N'207c863e-a321-47c2-a51c-5c0a520abb6f', NULL, 0, 0, NULL, 1, 0, N'roberto.martinez-maldonado@uts.edu.au')
INSERT [dbo].[AspNetUsers] ([Id], [Email], [EmailConfirmed], [PasswordHash], [SecurityStamp], [PhoneNumber], [PhoneNumberConfirmed], [TwoFactorEnabled], [LockoutEndDateUtc], [LockoutEnabled], [AccessFailedCount], [UserName]) VALUES (N'1e70ab6d-688a-4651-9d1f-204e545fc499', N'MdRabiul.Islam-1@student.uts.edu.au', 1, N'AFhj996o/3fDHP52Xkfh1ZZNl3HDnpwWmyT+Tj/fyG1kQvEXcdjsgYDjP266c1dvnw==', N'523eba32-c692-4e20-b479-b3380e64841a', NULL, 0, 0, NULL, 1, 0, N'MdRabiul.Islam-1@student.uts.edu.au')
INSERT [dbo].[AspNetUsers] ([Id], [Email], [EmailConfirmed], [PasswordHash], [SecurityStamp], [PhoneNumber], [PhoneNumberConfirmed], [TwoFactorEnabled], [LockoutEndDateUtc], [LockoutEnabled], [AccessFailedCount], [UserName]) VALUES (N'2383d230-359f-4b0e-b85e-3d25d11c6a92', N'di.pan@student.uts.edu.au', 1, N'ACE2Md69iTrt5SJXJBYg5i+UYLg+CSIETEx+PZrQ6B6EBFukAmdrxbWEHNMDRTjMNQ==', N'a78f0826-54df-4c50-b94b-ffa8339228ae', NULL, 0, 0, NULL, 1, 0, N'di.pan@student.uts.edu.au')
INSERT [dbo].[AspNetUsers] ([Id], [Email], [EmailConfirmed], [PasswordHash], [SecurityStamp], [PhoneNumber], [PhoneNumberConfirmed], [TwoFactorEnabled], [LockoutEndDateUtc], [LockoutEnabled], [AccessFailedCount], [UserName]) VALUES (N'2af41c09-4475-4c43-a4f9-ef407b5830e2', N'priyadarsi.nanda@uts.edu.au', 1, N'ACjewzVSbpuvuHhO/heutYcE0fx/4ETaMtUjUuljmtS4iSoUdIfT1lbBZbZCkHyoYQ==', N'af59690e-2dfb-4226-a7d6-d42f7bd78258', NULL, 0, 0, NULL, 1, 0, N'priyadarsi.nanda@uts.edu.au')
INSERT [dbo].[AspNetUsers] ([Id], [Email], [EmailConfirmed], [PasswordHash], [SecurityStamp], [PhoneNumber], [PhoneNumberConfirmed], [TwoFactorEnabled], [LockoutEndDateUtc], [LockoutEnabled], [AccessFailedCount], [UserName]) VALUES (N'2c3ac8df-9a17-4987-b750-e89b5daea4ce', N'poudelbimal33@gmail.com', 1, N'AOk9hUHWWjUfNL9s8NRPV9VE8ps9jcj7uBRr4WkXOZmqMt0gzNIjDCjqHbaevfDcRg==', N'e7f4c983-fc6c-4623-a144-360520f0c9bf', NULL, 0, 0, NULL, 1, 0, N'poudelbimal33@gmail.com')
INSERT [dbo].[AspNetUsers] ([Id], [Email], [EmailConfirmed], [PasswordHash], [SecurityStamp], [PhoneNumber], [PhoneNumberConfirmed], [TwoFactorEnabled], [LockoutEndDateUtc], [LockoutEnabled], [AccessFailedCount], [UserName]) VALUES (N'2e311532-ee0e-40a7-83ee-6891d9ea4935', N'nagesh.shukla@uts.edu.au', 1, N'AGFLwUo32dgA3aKHrYFBH6C9/fbzjW71w2UtRnhKXLNz7iH9dJ3zL9seXvsj1iOLmQ==', N'e2834243-2154-45f3-b261-3bb34639438e', NULL, 0, 0, NULL, 1, 0, N'nagesh.shukla@uts.edu.au')
INSERT [dbo].[AspNetUsers] ([Id], [Email], [EmailConfirmed], [PasswordHash], [SecurityStamp], [PhoneNumber], [PhoneNumberConfirmed], [TwoFactorEnabled], [LockoutEndDateUtc], [LockoutEnabled], [AccessFailedCount], [UserName]) VALUES (N'2e43e0c2-7bdc-4326-b398-228c6a56686e', N'isuzyfan@gamil.com', 0, N'ALnt32lmSeVimnvCGPU+wIhRhGSnS+dToP8LtOAHOucSM8XBfHKUiS3rBA4uZivraA==', N'3737d2cc-bae1-41fc-8f88-22ccba10074c', NULL, 0, 0, NULL, 1, 0, N'isuzyfan@gamil.com')
INSERT [dbo].[AspNetUsers] ([Id], [Email], [EmailConfirmed], [PasswordHash], [SecurityStamp], [PhoneNumber], [PhoneNumberConfirmed], [TwoFactorEnabled], [LockoutEndDateUtc], [LockoutEnabled], [AccessFailedCount], [UserName]) VALUES (N'3087611f-e2c5-44a1-a22b-745e237570ea', N'avadhi18raval@gmail.com', 1, N'APJ91iGPzpg2huM7vAdh3Ayz9w3QH+bugh3yik4sEXBn7vjxQeKkKr+1P/B1aSQj3A==', N'61d06c21-9144-4b2f-82ea-46b121148fed', NULL, 0, 0, NULL, 1, 0, N'avadhi18raval@gmail.com')
INSERT [dbo].[AspNetUsers] ([Id], [Email], [EmailConfirmed], [PasswordHash], [SecurityStamp], [PhoneNumber], [PhoneNumberConfirmed], [TwoFactorEnabled], [LockoutEndDateUtc], [LockoutEnabled], [AccessFailedCount], [UserName]) VALUES (N'32743751-9ac1-4af1-9bbc-edaf0a6ae131', N'11579529@student.uts.edu.au', 1, N'AJuqGdhg2v9PqKn1Lkn80iPN/AkPkqkgNaX+vPDJAaMu/ArnVubmG8fMux3cDpsoHA==', N'3875d2cd-beec-447e-9f8f-2f1690536ef9', NULL, 0, 0, NULL, 1, 0, N'11579529@student.uts.edu.au')
INSERT [dbo].[AspNetUsers] ([Id], [Email], [EmailConfirmed], [PasswordHash], [SecurityStamp], [PhoneNumber], [PhoneNumberConfirmed], [TwoFactorEnabled], [LockoutEndDateUtc], [LockoutEnabled], [AccessFailedCount], [UserName]) VALUES (N'3349460a-1857-4c15-9d84-85d59e481597', N'mysmartrp+cosuper1@gmail.com', 1, N'ALywcwllOqRqo2sWOeTVQEBPgC6f+pTDsRTDBP59qjkdLwQ+t1PeRYRi7zh6AZOjLg==', N'59c305db-4b89-4848-bf3c-c9d92ee58653', NULL, 0, 0, NULL, 1, 0, N'mysmartrp+cosuper1@gmail.com')
INSERT [dbo].[AspNetUsers] ([Id], [Email], [EmailConfirmed], [PasswordHash], [SecurityStamp], [PhoneNumber], [PhoneNumberConfirmed], [TwoFactorEnabled], [LockoutEndDateUtc], [LockoutEnabled], [AccessFailedCount], [UserName]) VALUES (N'335298ea-5d6d-458b-b569-ec8defe511e6', N'kyeong.kang@uts.edu.au', 1, N'AMWFvlgSSaCFBufskmsZCBnCqVqCUhuNXJgXOct9q63vvJFYo79SDulAHNVfw0Hc8g==', N'a09f27bd-9ad2-4997-964f-871cdbd153b7', NULL, 0, 0, NULL, 1, 0, N'kyeong.kang@uts.edu.au')
INSERT [dbo].[AspNetUsers] ([Id], [Email], [EmailConfirmed], [PasswordHash], [SecurityStamp], [PhoneNumber], [PhoneNumberConfirmed], [TwoFactorEnabled], [LockoutEndDateUtc], [LockoutEnabled], [AccessFailedCount], [UserName]) VALUES (N'33839858-f559-4d4e-8090-4660d2023338', N'william.raffe@uts.edu.au', 1, N'AA4AlfTe91uKoQOMSXXBUNYQLz0CO6lsnTNU6YmQ6aTkkNTYOg/VrdzqSNoq0tnmKw==', N'70940648-77bb-44d4-8858-9fb538df6da1', NULL, 0, 0, NULL, 1, 0, N'william.raffe@uts.edu.au')
INSERT [dbo].[AspNetUsers] ([Id], [Email], [EmailConfirmed], [PasswordHash], [SecurityStamp], [PhoneNumber], [PhoneNumberConfirmed], [TwoFactorEnabled], [LockoutEndDateUtc], [LockoutEnabled], [AccessFailedCount], [UserName]) VALUES (N'354882ee-a66c-4696-a6c6-2e1c14f5ff52', N'12716193@student.uts.edu.au', 1, N'AKjBIM1HJoh52U5OZP2BoSm3lyqRf/3uc5mNxhI8bQI+4wb34gg59ah8eQbBP56VKQ==', N'5754d52d-16dc-433b-93ea-c4443dc00756', NULL, 0, 0, NULL, 1, 0, N'12716193@student.uts.edu.au')
INSERT [dbo].[AspNetUsers] ([Id], [Email], [EmailConfirmed], [PasswordHash], [SecurityStamp], [PhoneNumber], [PhoneNumberConfirmed], [TwoFactorEnabled], [LockoutEndDateUtc], [LockoutEnabled], [AccessFailedCount], [UserName]) VALUES (N'36bfffe6-850f-4412-8a41-3eb86a9d8096', N'Mustafa.M.Murshed@student.uts.edu.au', 1, N'AHvipcww3b8Lc4/DjKAKSOL5aQKklDcHCzU6jY8I4LxNKxA0ySio72IDdt2TGCs/OQ==', N'3f22e7b4-57ca-425c-b2c7-9d3fd400f008', NULL, 0, 0, NULL, 1, 0, N'Mustafa.M.Murshed@student.uts.edu.au')
INSERT [dbo].[AspNetUsers] ([Id], [Email], [EmailConfirmed], [PasswordHash], [SecurityStamp], [PhoneNumber], [PhoneNumberConfirmed], [TwoFactorEnabled], [LockoutEndDateUtc], [LockoutEnabled], [AccessFailedCount], [UserName]) VALUES (N'38a0c9e7-829e-4c6e-a4d5-29e01639834a', N'Madhu.Goyal-2@uts.edu.au', 1, N'AKpAeARYhymkKayBREpnszhaqCGBTgqldTknvfRShhtfe08vD+XfaKw1HEc6zVRN6A==', N'a2314070-6f2d-487c-a09d-2d016dd15b3d', NULL, 0, 0, NULL, 1, 0, N'Madhu.Goyal-2@uts.edu.au')
INSERT [dbo].[AspNetUsers] ([Id], [Email], [EmailConfirmed], [PasswordHash], [SecurityStamp], [PhoneNumber], [PhoneNumberConfirmed], [TwoFactorEnabled], [LockoutEndDateUtc], [LockoutEnabled], [AccessFailedCount], [UserName]) VALUES (N'3978fd51-c8c0-4808-9d58-766568458ac9', N'liamlsat93@gmail.com', 1, N'AHg0vy+P/Gr+rsE8XkaMnva5/cLx3zr0kFsa+U6GW/sq89GqZshlQf2DMhucCVM0IQ==', N'997579e5-6cc0-44d8-9347-eb7efef7dcf6', NULL, 0, 0, NULL, 1, 0, N'liamlsat93@gmail.com')
INSERT [dbo].[AspNetUsers] ([Id], [Email], [EmailConfirmed], [PasswordHash], [SecurityStamp], [PhoneNumber], [PhoneNumberConfirmed], [TwoFactorEnabled], [LockoutEndDateUtc], [LockoutEnabled], [AccessFailedCount], [UserName]) VALUES (N'3b200672-80a5-4ff7-b88a-fcd830c3e004', N'mukesh.prasad@uts.edu.au', 1, N'ADSnplTImHFnuNuoFyTFPomD0fPXnLye3M5l/DgRYJcvKvQYXthoJwcRoV3b7qbn1Q==', N'5bfe168f-1c09-4b78-8fd9-9fb45b87b1d9', NULL, 0, 0, NULL, 1, 0, N'mukesh.prasad@uts.edu.au')
INSERT [dbo].[AspNetUsers] ([Id], [Email], [EmailConfirmed], [PasswordHash], [SecurityStamp], [PhoneNumber], [PhoneNumberConfirmed], [TwoFactorEnabled], [LockoutEndDateUtc], [LockoutEnabled], [AccessFailedCount], [UserName]) VALUES (N'3c0860bb-f2ef-4411-91db-63cd98584440', N'yellowsean@gmail.com', 1, N'AKEzIo5RQ6Zj2vJTKhUOJ2Q53PUJS70mmxX8WNIP9LC42pwx17yDUV3520mwlV1IeA==', N'e964a2d1-8446-444a-aa0f-6336011f4e5b', NULL, 0, 0, NULL, 1, 0, N'yellowsean@gmail.com')
INSERT [dbo].[AspNetUsers] ([Id], [Email], [EmailConfirmed], [PasswordHash], [SecurityStamp], [PhoneNumber], [PhoneNumberConfirmed], [TwoFactorEnabled], [LockoutEndDateUtc], [LockoutEnabled], [AccessFailedCount], [UserName]) VALUES (N'3c62a368-73ff-4b76-95f2-b1e5a74dfcdb', N'12520146@student.uts.edu.au', 1, N'AJWXagRvZSZl8EWEu+4i4uOJpiGThTkd2Fxb5DWV0IWwG8zeEJWQYwpzP+fr8oRYug==', N'fd12b070-cb31-4a5e-b96a-225e6f7c5676', NULL, 0, 0, NULL, 1, 0, N'12520146@student.uts.edu.au')
INSERT [dbo].[AspNetUsers] ([Id], [Email], [EmailConfirmed], [PasswordHash], [SecurityStamp], [PhoneNumber], [PhoneNumberConfirmed], [TwoFactorEnabled], [LockoutEndDateUtc], [LockoutEnabled], [AccessFailedCount], [UserName]) VALUES (N'3caf55cb-b212-46bb-be0d-ba2394b09b56', N'996513@uts.edu.au', 1, N'AIIU1DVSp/Hfc0eozJwSUCGctAhrttRXBmjoXHzygvyBuErmhZHPmnNM1uFyOWblnQ==', N'84348c29-877b-4dcf-8af6-bb68ef4dc0c3', NULL, 0, 0, NULL, 1, 0, N'996513@uts.edu.au')
INSERT [dbo].[AspNetUsers] ([Id], [Email], [EmailConfirmed], [PasswordHash], [SecurityStamp], [PhoneNumber], [PhoneNumberConfirmed], [TwoFactorEnabled], [LockoutEndDateUtc], [LockoutEnabled], [AccessFailedCount], [UserName]) VALUES (N'41e87626-7f65-4775-9448-62fc7e2ab1fb', N'12507873@student.uts.edu.au', 1, N'ABpaC5BEvozlXLV2ejXxbsc21Y62DUuLmp7HWBBWSEVhcFbKtHROcBTXKDp5dfyBCg==', N'4ce35939-c2e9-4e72-ab3c-8a01d164ec97', NULL, 0, 0, NULL, 1, 0, N'12507873@student.uts.edu.au')
INSERT [dbo].[AspNetUsers] ([Id], [Email], [EmailConfirmed], [PasswordHash], [SecurityStamp], [PhoneNumber], [PhoneNumberConfirmed], [TwoFactorEnabled], [LockoutEndDateUtc], [LockoutEnabled], [AccessFailedCount], [UserName]) VALUES (N'4434e430-9c10-4006-aaad-6189cd1f357b', N'12431476@student.uts.edu.au', 1, N'AAdtSubEUfwS2ytoeCWzw/+2eHXBGW6PPejbGqnTZpORC6teC7opCOc7DLhmkR4yEw==', N'f71882a6-c33d-4473-af2d-1299b39e1394', NULL, 0, 0, NULL, 1, 0, N'12431476@student.uts.edu.au')
INSERT [dbo].[AspNetUsers] ([Id], [Email], [EmailConfirmed], [PasswordHash], [SecurityStamp], [PhoneNumber], [PhoneNumberConfirmed], [TwoFactorEnabled], [LockoutEndDateUtc], [LockoutEnabled], [AccessFailedCount], [UserName]) VALUES (N'44672cea-3de8-4971-97f9-996c75129aa5', N'12475707@student.uts.edu.au', 1, N'AOCXbolQ67BZdbrSa6Z7Rl1PBbzw9AhnzJY9hlyc5q+ocg1T9xIUjM2TdfEVAgafdQ==', N'87faf184-71b0-4aa4-82c9-d420b1d023f5', NULL, 0, 0, NULL, 1, 0, N'12475707@student.uts.edu.au')
INSERT [dbo].[AspNetUsers] ([Id], [Email], [EmailConfirmed], [PasswordHash], [SecurityStamp], [PhoneNumber], [PhoneNumberConfirmed], [TwoFactorEnabled], [LockoutEndDateUtc], [LockoutEnabled], [AccessFailedCount], [UserName]) VALUES (N'4656950a-3b7a-432e-b1d2-0e721bbbe167', N'nohaahmedm.sheikho-1@student.edu', 0, N'ALFhdRSOx7wguocIDodZDrvHhMogzE5Dupf9Hr4U7iqw53tvfWfNhdsC4Xjc6bKO2w==', N'f906c3fd-7f34-47f5-b698-4ab27c9a90e6', NULL, 0, 0, NULL, 1, 0, N'nohaahmedm.sheikho-1@student.edu')
INSERT [dbo].[AspNetUsers] ([Id], [Email], [EmailConfirmed], [PasswordHash], [SecurityStamp], [PhoneNumber], [PhoneNumberConfirmed], [TwoFactorEnabled], [LockoutEndDateUtc], [LockoutEnabled], [AccessFailedCount], [UserName]) VALUES (N'47fc14ba-d7d5-4ddc-8c28-7acc377e4bec', N'12141887@student.uts.edu.au', 0, N'AK3OZLi0SrD10ay/dw3dkf5YFu+fblVx5p2+gFqnJ2UseWNizrVZIOu8TVABBIH4NQ==', N'e4892fb5-68f1-455c-9f58-f40d280e4d5f', NULL, 0, 0, NULL, 1, 0, N'12141887@student.uts.edu.au')
INSERT [dbo].[AspNetUsers] ([Id], [Email], [EmailConfirmed], [PasswordHash], [SecurityStamp], [PhoneNumber], [PhoneNumberConfirmed], [TwoFactorEnabled], [LockoutEndDateUtc], [LockoutEnabled], [AccessFailedCount], [UserName]) VALUES (N'4ae1c4de-6abf-4bb6-8bdf-786af794a66b', N'aavoinov@gmail.com', 0, N'ANiysLtsBkgmKKISqYcNhSgILrAi83Ax2QK2tgvee9jNNQ/J1U4tb3CqjoAt6tUG+A==', N'3e6ecf70-6e29-4373-bb18-b179d1f740ff', NULL, 0, 0, NULL, 1, 0, N'aavoinov@gmail.com')
INSERT [dbo].[AspNetUsers] ([Id], [Email], [EmailConfirmed], [PasswordHash], [SecurityStamp], [PhoneNumber], [PhoneNumberConfirmed], [TwoFactorEnabled], [LockoutEndDateUtc], [LockoutEnabled], [AccessFailedCount], [UserName]) VALUES (N'4ca81cc3-e10d-4f75-9695-e3e66cafe32e', N'12638425@student.uts.edu.au', 1, N'AKbRF7LSNlHAJc32nal0L2+ddMToDtqcNm0RfTYowwijIdHSzeDN0yZcHqJUCW5aLw==', N'd7e93933-d982-4741-bd33-2b875782f330', NULL, 0, 0, NULL, 1, 0, N'12638425@student.uts.edu.au')
INSERT [dbo].[AspNetUsers] ([Id], [Email], [EmailConfirmed], [PasswordHash], [SecurityStamp], [PhoneNumber], [PhoneNumberConfirmed], [TwoFactorEnabled], [LockoutEndDateUtc], [LockoutEnabled], [AccessFailedCount], [UserName]) VALUES (N'4cb7b47d-1872-4373-95cf-8c31ff3e62e2', N'nicholas.surawski@uts.edu.au', 1, N'ACp5SVT8oC2/alnI5fCXAw7L167GnLtDp1cYvUr3QMoZnlv8qxwwMM2qiqh5Ztv9ng==', N'e883d60e-f36a-43c3-a415-91cac6b31d21', NULL, 0, 0, NULL, 1, 0, N'nicholas.surawski@uts.edu.au')
INSERT [dbo].[AspNetUsers] ([Id], [Email], [EmailConfirmed], [PasswordHash], [SecurityStamp], [PhoneNumber], [PhoneNumberConfirmed], [TwoFactorEnabled], [LockoutEndDateUtc], [LockoutEnabled], [AccessFailedCount], [UserName]) VALUES (N'55bc31bf-9687-4b40-89d7-511c87501695', N'kumbesan.sandrasegaran@uts.edu.au', 1, N'AI+zbkG4RL22UXKYZ5fYsRx3EGupHg7rNJZDzTzkSBpv188WN0Y2NW9H97L+7b7adw==', N'26efecff-3395-4f6c-ac63-a059b5960890', NULL, 0, 0, NULL, 1, 0, N'kumbesan.sandrasegaran@uts.edu.au')
INSERT [dbo].[AspNetUsers] ([Id], [Email], [EmailConfirmed], [PasswordHash], [SecurityStamp], [PhoneNumber], [PhoneNumberConfirmed], [TwoFactorEnabled], [LockoutEndDateUtc], [LockoutEnabled], [AccessFailedCount], [UserName]) VALUES (N'581b054b-669d-4cef-bbfc-08e04e521a16', N'sooryagrt@gmail.com', 1, N'AJDlkjgGd6IYfOGIgnypnPVGhtuTBk4xR6lShwFKUNsvRnRMVC1/DHE+VBFkKYavrQ==', N'73cecd01-61fd-42db-846c-98e74fc018a9', NULL, 0, 0, NULL, 1, 0, N'sooryagrt@gmail.com')
INSERT [dbo].[AspNetUsers] ([Id], [Email], [EmailConfirmed], [PasswordHash], [SecurityStamp], [PhoneNumber], [PhoneNumberConfirmed], [TwoFactorEnabled], [LockoutEndDateUtc], [LockoutEnabled], [AccessFailedCount], [UserName]) VALUES (N'5907b57f-1245-4af7-9354-0f984f1caa37', N'12444372@student.uts.edu.au', 1, N'ACAR7N6nIbJxYli9J6tCt7NmgjOzL9GZ+M0tiQ4nW/b33LAKOO/Ve/kukMn8AKDQcw==', N'0bdcd7da-7611-4722-9123-d93c31c6ef10', NULL, 0, 0, NULL, 1, 0, N'12444372@student.uts.edu.au')
INSERT [dbo].[AspNetUsers] ([Id], [Email], [EmailConfirmed], [PasswordHash], [SecurityStamp], [PhoneNumber], [PhoneNumberConfirmed], [TwoFactorEnabled], [LockoutEndDateUtc], [LockoutEnabled], [AccessFailedCount], [UserName]) VALUES (N'5b341977-6301-4304-913b-c32fb76c10bf', N'onecg216@163.com', 1, N'ACO22RJs0THT8H7IwzTWsdXWWzbCCvIB42QVGtpOmZeSLzMdG7JtCgmJILTag9RayQ==', N'143c4b1f-a36f-4182-951f-5cb056bbf70b', NULL, 0, 0, NULL, 1, 0, N'onecg216@163.com')
INSERT [dbo].[AspNetUsers] ([Id], [Email], [EmailConfirmed], [PasswordHash], [SecurityStamp], [PhoneNumber], [PhoneNumberConfirmed], [TwoFactorEnabled], [LockoutEndDateUtc], [LockoutEnabled], [AccessFailedCount], [UserName]) VALUES (N'5c73dde6-fbd1-4c26-b987-d648eb6b5fda', N'ManChun.Cheng-1@student.uts.edu.au', 1, N'AOxIel6slKXJb3gf9eU55k6w0a0rkM1XpJa+5Dbta3zYWnwHizuaVsdau2wpmGxerQ==', N'5bee2336-d36d-4a79-9e21-04489a15b09e', NULL, 0, 0, NULL, 1, 0, N'ManChun.Cheng-1@student.uts.edu.au')
INSERT [dbo].[AspNetUsers] ([Id], [Email], [EmailConfirmed], [PasswordHash], [SecurityStamp], [PhoneNumber], [PhoneNumberConfirmed], [TwoFactorEnabled], [LockoutEndDateUtc], [LockoutEnabled], [AccessFailedCount], [UserName]) VALUES (N'5cea36f8-c747-4904-acc3-198cc2653fc7', N'christina@cairnsholidayspecialists.com.au', 1, N'AEXVihC3xT0PP3Ot+G+RfIELJ+BSbVyXJySIdkSEm1NnjAJo8F5vUJ55BFXU7wnz0A==', N'c5e6848a-e752-4e6f-b92e-e6c568760c50', NULL, 0, 0, NULL, 1, 0, N'christina@cairnsholidayspecialists.com.au')
INSERT [dbo].[AspNetUsers] ([Id], [Email], [EmailConfirmed], [PasswordHash], [SecurityStamp], [PhoneNumber], [PhoneNumberConfirmed], [TwoFactorEnabled], [LockoutEndDateUtc], [LockoutEnabled], [AccessFailedCount], [UserName]) VALUES (N'5e0221b3-ff57-47b5-b8fa-ad23b76b0c9f', N'markkhoury17@gmail.com', 1, N'AHXG8DnD/hUz7LAIUwLhcDzC5FWefdEHPr0R7NcdXcINUWfPhs7w6gu7CXeUwrv6XQ==', N'e0ce8450-bb33-4bd3-9686-aac1400607fa', NULL, 0, 0, NULL, 1, 0, N'markkhoury17@gmail.com')
INSERT [dbo].[AspNetUsers] ([Id], [Email], [EmailConfirmed], [PasswordHash], [SecurityStamp], [PhoneNumber], [PhoneNumberConfirmed], [TwoFactorEnabled], [LockoutEndDateUtc], [LockoutEnabled], [AccessFailedCount], [UserName]) VALUES (N'617887da-d3b4-44b4-86b4-a63f1e77ed4d', N'zsfacml@gmail.com', 1, N'AD8M6o8d6H6G4P3AzxrZYp1xor9y/4MDA1diWdcDdMqi6YyUupUy33TN6bVtN66uFQ==', N'a04beb4a-1cf1-4e0b-9efd-c87578c9ee53', NULL, 0, 0, NULL, 1, 0, N'zsfacml@gmail.com')
INSERT [dbo].[AspNetUsers] ([Id], [Email], [EmailConfirmed], [PasswordHash], [SecurityStamp], [PhoneNumber], [PhoneNumberConfirmed], [TwoFactorEnabled], [LockoutEndDateUtc], [LockoutEnabled], [AccessFailedCount], [UserName]) VALUES (N'67aa1a69-d234-4289-b586-ec5403af1580', N'12755334@student.uts.edu.au', 1, N'APmp40dOQoiuG96k8uKHgKhvH4xcXILLIi+RG0Fh3XecmpVjvHfoFZMpvUoT+OPOAg==', N'1f75359e-1828-42f0-80ed-07557f1a3f1a', NULL, 0, 0, NULL, 1, 0, N'12755334@student.uts.edu.au')
INSERT [dbo].[AspNetUsers] ([Id], [Email], [EmailConfirmed], [PasswordHash], [SecurityStamp], [PhoneNumber], [PhoneNumberConfirmed], [TwoFactorEnabled], [LockoutEndDateUtc], [LockoutEnabled], [AccessFailedCount], [UserName]) VALUES (N'682683e8-a484-4554-81cc-b5239a431848', N'w5822332@sina.com', 1, N'AFgZ0TiI8XRuWdyB4rggyJ7nMsr2745zt9h7HXnu6wU97dUgqT7qD7TFc3e6pNV6ow==', N'eb53d703-ecd7-4277-8dff-edae47921f0b', NULL, 0, 0, NULL, 1, 0, N'w5822332@sina.com')
INSERT [dbo].[AspNetUsers] ([Id], [Email], [EmailConfirmed], [PasswordHash], [SecurityStamp], [PhoneNumber], [PhoneNumberConfirmed], [TwoFactorEnabled], [LockoutEndDateUtc], [LockoutEnabled], [AccessFailedCount], [UserName]) VALUES (N'69538856-1c34-41d4-b83e-11b2615c5464', N'Alen.Alempijevic@uts.edu.au', 1, N'AMBJ/AE2iuYZLqWeMBPMKGMLOsy2UNICip/TDqCyuG9OBfLHiUiNHbFmaywpm4I+kA==', N'1e1cbe4c-adfc-4621-b99a-f8fb433ed8e5', NULL, 0, 0, NULL, 1, 0, N'Alen.Alempijevic@uts.edu.au')
INSERT [dbo].[AspNetUsers] ([Id], [Email], [EmailConfirmed], [PasswordHash], [SecurityStamp], [PhoneNumber], [PhoneNumberConfirmed], [TwoFactorEnabled], [LockoutEndDateUtc], [LockoutEnabled], [AccessFailedCount], [UserName]) VALUES (N'6a98e9c5-fd0d-4334-b4a9-4fe4076b7651', N'bofeng.yang-1@student.uts.edu.au', 1, N'AEfj+8jUa//IloYvA+Ia2ILMKR853Wv/qXc1NWgvHiJzvPhXAK6T7wzm0qKqma3w1w==', N'4caff86e-a37b-4c45-867b-92afa09e6977', NULL, 0, 0, NULL, 1, 0, N'bofeng.yang-1@student.uts.edu.au')
INSERT [dbo].[AspNetUsers] ([Id], [Email], [EmailConfirmed], [PasswordHash], [SecurityStamp], [PhoneNumber], [PhoneNumberConfirmed], [TwoFactorEnabled], [LockoutEndDateUtc], [LockoutEnabled], [AccessFailedCount], [UserName]) VALUES (N'6abfcf89-3fef-4656-9220-dbcddd8e8606', N'haiyan1758@gmail.com', 1, N'ALH7AviSntPg5ovTDnRdhqCLPt0vh8HfnvBW9hAsVBC7c+c3BechTPFHg+XlTzZ3gA==', N'34c82c43-575c-4bbd-a9ce-7708681963e7', NULL, 0, 0, NULL, 1, 0, N'haiyan1758@gmail.com')
INSERT [dbo].[AspNetUsers] ([Id], [Email], [EmailConfirmed], [PasswordHash], [SecurityStamp], [PhoneNumber], [PhoneNumberConfirmed], [TwoFactorEnabled], [LockoutEndDateUtc], [LockoutEnabled], [AccessFailedCount], [UserName]) VALUES (N'6d0f3d8f-4fe6-4f78-a57f-84f8197c14fa', N'barry.drake@uts.edu.au', 1, N'AB/vgG02+zka9Prm/3Zr6jgKMNM227Iv66KXm3798F3pmAm0uurUO9Z92AOe0T2K3w==', N'd1fae693-4c9f-4d16-90ba-34cd26aba8b3', NULL, 0, 0, NULL, 1, 0, N'barry.drake@uts.edu.au')
INSERT [dbo].[AspNetUsers] ([Id], [Email], [EmailConfirmed], [PasswordHash], [SecurityStamp], [PhoneNumber], [PhoneNumberConfirmed], [TwoFactorEnabled], [LockoutEndDateUtc], [LockoutEnabled], [AccessFailedCount], [UserName]) VALUES (N'7016ac99-2e22-4b9b-88bb-ca8dc7eced72', N'wei.liu@uts.edu.au', 1, N'AJaiYkn2uWPqYkjAiFtz1HDx+JtmlUh74JJp4ZdFqb7bm5bt/NGb0LYO2ZjStNPkPA==', N'ac80176e-ebf3-43f4-a2de-4a5e5b588d9f', NULL, 0, 0, NULL, 1, 0, N'wei.liu@uts.edu.au')
INSERT [dbo].[AspNetUsers] ([Id], [Email], [EmailConfirmed], [PasswordHash], [SecurityStamp], [PhoneNumber], [PhoneNumberConfirmed], [TwoFactorEnabled], [LockoutEndDateUtc], [LockoutEnabled], [AccessFailedCount], [UserName]) VALUES (N'7048bb55-6986-47a8-93aa-524a6eb13033', N'srinivas.madhisetty@uts.edu.au', 1, N'AKqV2zmlgfws9uc5Nw8w84fNsVsLh64z8/5rVIjw0uTF6TZBPU5d7CIuLGOAY5FYSw==', N'351f4225-d36e-4065-a037-c9860a4f875a', NULL, 0, 0, NULL, 1, 0, N'srinivas.madhisetty@uts.edu.au')
INSERT [dbo].[AspNetUsers] ([Id], [Email], [EmailConfirmed], [PasswordHash], [SecurityStamp], [PhoneNumber], [PhoneNumberConfirmed], [TwoFactorEnabled], [LockoutEndDateUtc], [LockoutEnabled], [AccessFailedCount], [UserName]) VALUES (N'71da38e3-c569-4134-93dc-be3fc15eafe0', N'242147971@qq.com', 0, N'AG+Cn0871LjRaVrjyzUlgUnVJW36fUClkA9P17WMXWgh0ptZbJs4ExWIK0hmfN0boA==', N'6af71f71-f62b-4593-9432-177ad911f051', NULL, 0, 0, NULL, 1, 0, N'242147971@qq.com')
INSERT [dbo].[AspNetUsers] ([Id], [Email], [EmailConfirmed], [PasswordHash], [SecurityStamp], [PhoneNumber], [PhoneNumberConfirmed], [TwoFactorEnabled], [LockoutEndDateUtc], [LockoutEnabled], [AccessFailedCount], [UserName]) VALUES (N'7237fd9a-a916-4edc-89b2-7e759eb1b31c', N'Mayuri.Kalmegh@student.uts.edu.au', 0, N'AB8q2XQMUNWthx/yZ8/suaN/oeSd5wdnZrYcj6RPSpZHcjQyhJueXwRyt9y/pKkX0A==', N'ddf6d710-53d9-4501-a851-caad1a498df4', NULL, 0, 0, NULL, 1, 0, N'Mayuri.Kalmegh@student.uts.edu.au')
INSERT [dbo].[AspNetUsers] ([Id], [Email], [EmailConfirmed], [PasswordHash], [SecurityStamp], [PhoneNumber], [PhoneNumberConfirmed], [TwoFactorEnabled], [LockoutEndDateUtc], [LockoutEnabled], [AccessFailedCount], [UserName]) VALUES (N'76edd30f-806b-4da8-9e65-85bf337b9b58', N'Bandana.Khadka@student.uts.edu.au', 1, N'ANh5koFIDqZsHDUz3RbVaJuis432zX4zkT5ak6OnsoC6NNRFISx4F1ijNb4nZYJxvQ==', N'78dcac5c-bf3b-4b64-9fdd-fd1bc4ed3dd5', NULL, 0, 0, NULL, 1, 0, N'Bandana.Khadka@student.uts.edu.au')
INSERT [dbo].[AspNetUsers] ([Id], [Email], [EmailConfirmed], [PasswordHash], [SecurityStamp], [PhoneNumber], [PhoneNumberConfirmed], [TwoFactorEnabled], [LockoutEndDateUtc], [LockoutEnabled], [AccessFailedCount], [UserName]) VALUES (N'7892b0aa-5c3c-4c14-a61e-047d2766c82d', N'mysmartrp+co@gmail.com', 1, N'APbteHIRmolb7ggd0WkdrM5lUhCPdJPR1a0QMPTlU+6i4P0tV2jgBFpS8MVVe1o35w==', N'7263588a-2c16-44bc-a7f8-c51b87be27c9', NULL, 0, 0, NULL, 1, 0, N'mysmartrp+co@gmail.com')
INSERT [dbo].[AspNetUsers] ([Id], [Email], [EmailConfirmed], [PasswordHash], [SecurityStamp], [PhoneNumber], [PhoneNumberConfirmed], [TwoFactorEnabled], [LockoutEndDateUtc], [LockoutEnabled], [AccessFailedCount], [UserName]) VALUES (N'7894ea52-7243-45cd-a124-a495e724812c', N'ramandeep.chandla@student.uts.edu.au', 1, N'AA8FTe9SR6ZmDlWUeDUl0xhhTZdp6oIdu5NK7999XzF8kEc5R8scD7xhFU3iJH8Onw==', N'd6c58e5f-efe3-412f-b62e-3106f9fb6e21', NULL, 0, 0, NULL, 1, 0, N'ramandeep.chandla@student.uts.edu.au')
INSERT [dbo].[AspNetUsers] ([Id], [Email], [EmailConfirmed], [PasswordHash], [SecurityStamp], [PhoneNumber], [PhoneNumberConfirmed], [TwoFactorEnabled], [LockoutEndDateUtc], [LockoutEnabled], [AccessFailedCount], [UserName]) VALUES (N'7f389b53-90ad-41b7-86c4-ea5f9c160151', N'nicholas.k.santosa@student.uts.edu.au', 1, N'ANRoYjCfCr4Zsb2ZyyvnGw0vn5txwsoc46mh3/SMqFMZY6j0gxq3sXrroA5ozlWJSg==', N'abd0dc2b-67bf-429a-88a5-c83eae74fff4', NULL, 0, 0, NULL, 1, 0, N'nicholas.k.santosa@student.uts.edu.au')
INSERT [dbo].[AspNetUsers] ([Id], [Email], [EmailConfirmed], [PasswordHash], [SecurityStamp], [PhoneNumber], [PhoneNumberConfirmed], [TwoFactorEnabled], [LockoutEndDateUtc], [LockoutEnabled], [AccessFailedCount], [UserName]) VALUES (N'81c425f0-ba17-48fb-8228-4dbbd1ff6573', N'Zhengya.Lin-1@student.uts.edu.au', 1, N'AOgqlRcMBB1U6f47C51SAr4AzPS6TOVE5qFw9jH63Y4PtJGtEmi+wgsEPQutGEfFMQ==', N'b866e508-2a86-4f03-a628-ce5c5e3205d4', NULL, 0, 0, NULL, 1, 0, N'Zhengya.Lin-1@student.uts.edu.au')
INSERT [dbo].[AspNetUsers] ([Id], [Email], [EmailConfirmed], [PasswordHash], [SecurityStamp], [PhoneNumber], [PhoneNumberConfirmed], [TwoFactorEnabled], [LockoutEndDateUtc], [LockoutEnabled], [AccessFailedCount], [UserName]) VALUES (N'8311bf52-6d66-4b5f-9a45-3a0109c04772', N'marco.tomamichel@uts.edu.au', 1, N'AL4rEbDRKOzBbYHAHQ4+5bbdVRKB9y2DoPUtN2Bql+XvQbVMA4Uy+F7M8FlzFlms2Q==', N'6d1e6157-35f7-4530-a401-89f7e35e9dda', NULL, 0, 0, NULL, 1, 0, N'marco.tomamichel@uts.edu.au')
INSERT [dbo].[AspNetUsers] ([Id], [Email], [EmailConfirmed], [PasswordHash], [SecurityStamp], [PhoneNumber], [PhoneNumberConfirmed], [TwoFactorEnabled], [LockoutEndDateUtc], [LockoutEnabled], [AccessFailedCount], [UserName]) VALUES (N'832a2e37-3f02-4fef-9dbb-74b6f1e14a91', N'mysmartrp+s1@gmail.com', 1, N'AEL+gIBaMCG9dolrUm2D3TIwA/NDKqSe3wFboa3pYHVgvsTXfx7ROYmaaPEymLx59w==', N'fe10c91d-b501-43b0-9782-86a18621a5ad', NULL, 0, 0, NULL, 1, 0, N'mysmartrp+s1@gmail.com')
INSERT [dbo].[AspNetUsers] ([Id], [Email], [EmailConfirmed], [PasswordHash], [SecurityStamp], [PhoneNumber], [PhoneNumberConfirmed], [TwoFactorEnabled], [LockoutEndDateUtc], [LockoutEnabled], [AccessFailedCount], [UserName]) VALUES (N'84c1aaa3-d1be-4cd7-adf7-5f559701922d', N'Zongda.Li@student.uts.edu.au', 1, N'AHrTBOoC2WW3iGqQTLbyHxMIL1+mzWB+I+n9w98gzxhP09t0rMqx4b0S6kG3Rc4ilg==', N'faf800c6-a3ea-4061-a735-f6546064da2a', NULL, 0, 0, NULL, 1, 0, N'Zongda.Li@student.uts.edu.au')
INSERT [dbo].[AspNetUsers] ([Id], [Email], [EmailConfirmed], [PasswordHash], [SecurityStamp], [PhoneNumber], [PhoneNumberConfirmed], [TwoFactorEnabled], [LockoutEndDateUtc], [LockoutEnabled], [AccessFailedCount], [UserName]) VALUES (N'88902fa6-aa1c-44da-a0cf-ea77a8d43734', N'1137050955@qq.com', 1, N'AIwvTFYCUvQHY9XGZ6K9Se9r7TG4kHLssmOsbluWglW+xGUaiT8yClBCYsbrsVB+Dg==', N'87ffb6bd-4cea-4cda-affc-281db83f014b', NULL, 0, 0, NULL, 1, 0, N'1137050955@qq.com')
INSERT [dbo].[AspNetUsers] ([Id], [Email], [EmailConfirmed], [PasswordHash], [SecurityStamp], [PhoneNumber], [PhoneNumberConfirmed], [TwoFactorEnabled], [LockoutEndDateUtc], [LockoutEnabled], [AccessFailedCount], [UserName]) VALUES (N'8a69902e-c18e-4851-995c-4c4909bace8f', N'nabin.sharma@uts.edu.au', 1, N'AHhGNq64Q1V//WPtEVkddQ3YNZqI+cI7FuErOp3juDfkavNWpc3WbslrcIhF/2rtmw==', N'b2f4a36b-22d7-4d2c-8695-716e399fd5a8', NULL, 0, 0, NULL, 1, 0, N'nabin.sharma@uts.edu.au')
INSERT [dbo].[AspNetUsers] ([Id], [Email], [EmailConfirmed], [PasswordHash], [SecurityStamp], [PhoneNumber], [PhoneNumberConfirmed], [TwoFactorEnabled], [LockoutEndDateUtc], [LockoutEnabled], [AccessFailedCount], [UserName]) VALUES (N'8e6490e8-9283-4441-a184-ba2ca510440b', N'nehakochhar878@gmail.com', 1, N'ACs1DSQIFuQ0ELPJgov6eBA5APt9ETom/ajdjZmGavF4ljypk62qBvPNSFNxF2E5hw==', N'bba436eb-15a6-450b-9b63-487b6bca842c', NULL, 0, 0, NULL, 1, 0, N'nehakochhar878@gmail.com')
INSERT [dbo].[AspNetUsers] ([Id], [Email], [EmailConfirmed], [PasswordHash], [SecurityStamp], [PhoneNumber], [PhoneNumberConfirmed], [TwoFactorEnabled], [LockoutEndDateUtc], [LockoutEnabled], [AccessFailedCount], [UserName]) VALUES (N'9024c564-a070-40fa-932e-44e8996c3a24', N'mark.ELKhoury@student.uts.edu.au', 1, N'ACOg0BOEKvMCNv0rbs/h4s/34+XJIAi7y70av1wSjoJZeQBh+d6iFrFDi35SyZwkLw==', N'febb3fc6-6410-4e5e-a6fc-76846db539b9', NULL, 0, 0, NULL, 1, 0, N'mark.ELKhoury@student.uts.edu.au')
INSERT [dbo].[AspNetUsers] ([Id], [Email], [EmailConfirmed], [PasswordHash], [SecurityStamp], [PhoneNumber], [PhoneNumberConfirmed], [TwoFactorEnabled], [LockoutEndDateUtc], [LockoutEnabled], [AccessFailedCount], [UserName]) VALUES (N'93be7221-be63-47a4-862a-008df1aebba1', N'12521581@student.uts.edu.au', 1, N'AAcoTRwApu3fXqpl86OPYUJQZ6d0ACKTSoLIe04iCuQM9imSQvSekbQXm4GS5rSQRw==', N'88c17a75-8007-4ee8-8a7a-59f14ef220ca', NULL, 0, 0, NULL, 1, 0, N'12521581@student.uts.edu.au')
INSERT [dbo].[AspNetUsers] ([Id], [Email], [EmailConfirmed], [PasswordHash], [SecurityStamp], [PhoneNumber], [PhoneNumberConfirmed], [TwoFactorEnabled], [LockoutEndDateUtc], [LockoutEnabled], [AccessFailedCount], [UserName]) VALUES (N'93f0bbcb-da8d-416b-80d3-3921b2de3803', N'1035807388@qq.com', 1, N'ANyuYL3vBCaR3bAnVP9Fta/udqS1AKuLCeMkM7nx9kntvuZQwcW26zpMewotAqFLWg==', N'767c9ff8-4d63-4056-8506-069d21144f86', NULL, 0, 0, NULL, 1, 0, N'1035807388@qq.com')
INSERT [dbo].[AspNetUsers] ([Id], [Email], [EmailConfirmed], [PasswordHash], [SecurityStamp], [PhoneNumber], [PhoneNumberConfirmed], [TwoFactorEnabled], [LockoutEndDateUtc], [LockoutEnabled], [AccessFailedCount], [UserName]) VALUES (N'94096756-58f2-4f3a-9f98-69925343a115', N'Mayuri.Kalmegh@gmail.com', 1, N'AAAU/ZKMUP8ySkEEWlhtwTn52EL2vOT+LjAFUC/NLDHsXxtLHULGz1KpQNKfMDPWCw==', N'8c466210-e0b4-419f-b2ee-648cfde64fc4', NULL, 0, 0, NULL, 1, 0, N'Mayuri.Kalmegh@gmail.com')
INSERT [dbo].[AspNetUsers] ([Id], [Email], [EmailConfirmed], [PasswordHash], [SecurityStamp], [PhoneNumber], [PhoneNumberConfirmed], [TwoFactorEnabled], [LockoutEndDateUtc], [LockoutEnabled], [AccessFailedCount], [UserName]) VALUES (N'9442f974-e715-4d3d-9c0d-c2813f6ab61d', N'yoonhye.jung@student.uts.edu.au', 1, N'AEfL1M66jmw4fvXZm0Zt8PeiyyMdu1UfeLh+DirCE3hBrAyO0IgXcmSQ3Avikl1IzA==', N'e959cfb0-0b70-4a28-b4f3-503a3c2027fa', NULL, 0, 0, NULL, 1, 0, N'yoonhye.jung@student.uts.edu.au')
INSERT [dbo].[AspNetUsers] ([Id], [Email], [EmailConfirmed], [PasswordHash], [SecurityStamp], [PhoneNumber], [PhoneNumberConfirmed], [TwoFactorEnabled], [LockoutEndDateUtc], [LockoutEnabled], [AccessFailedCount], [UserName]) VALUES (N'94634760-54f3-4e68-8b8f-f784f163cbc3', N'mandylin2933@gmail.com', 1, N'AFSjsgLGvOqYSKHLyn5tt9qmX7xKLBgNkwI3SO34pdNqtORHJSD6t40Kt8m+bYOq3g==', N'd21c4bfe-fc3e-4026-8b6e-7a999ec94743', NULL, 0, 0, NULL, 1, 0, N'mandylin2933@gmail.com')
INSERT [dbo].[AspNetUsers] ([Id], [Email], [EmailConfirmed], [PasswordHash], [SecurityStamp], [PhoneNumber], [PhoneNumberConfirmed], [TwoFactorEnabled], [LockoutEndDateUtc], [LockoutEnabled], [AccessFailedCount], [UserName]) VALUES (N'9601f190-bb55-4b42-b611-b0de032bf0e0', N'11201973@student.uts.edu.au', 1, N'AD4ggdHGMe6kMNESmmYNk8RmULKG11I2xFhVTwKWRpHUEH8/KYoFLhJj7ASa9R4OlA==', N'b5efda21-7f63-4bf2-b915-694495d19844', NULL, 0, 0, NULL, 1, 0, N'11201973@student.uts.edu.au')
INSERT [dbo].[AspNetUsers] ([Id], [Email], [EmailConfirmed], [PasswordHash], [SecurityStamp], [PhoneNumber], [PhoneNumberConfirmed], [TwoFactorEnabled], [LockoutEndDateUtc], [LockoutEnabled], [AccessFailedCount], [UserName]) VALUES (N'96ba5fa4-5ab0-4a7e-a577-3a8f67b5a56b', N'ivyljh1024@gmail.com', 1, N'AAIz5vQNZftpDoC+Kzlv4Z1P7Z83whYGtc8J0zVkySAzobT26DFvVvrvbg138x2Baw==', N'c687ac30-3535-47fa-80bf-efb948992c69', NULL, 0, 0, NULL, 1, 0, N'ivyljh1024@gmail.com')
INSERT [dbo].[AspNetUsers] ([Id], [Email], [EmailConfirmed], [PasswordHash], [SecurityStamp], [PhoneNumber], [PhoneNumberConfirmed], [TwoFactorEnabled], [LockoutEndDateUtc], [LockoutEnabled], [AccessFailedCount], [UserName]) VALUES (N'97bacfe4-0f20-4935-b062-88be3fd0f9fc', N'12478501@student.uts.edu.au', 1, N'AFzjSU57yGOta40q1EFZ6AwrHo/AesMnBI9hZQOUzZYX+A1hadAtyb0P5LvORkaXLA==', N'0a2df0c2-9414-44d5-9847-b64c09226210', NULL, 0, 0, NULL, 1, 0, N'12478501@student.uts.edu.au')
INSERT [dbo].[AspNetUsers] ([Id], [Email], [EmailConfirmed], [PasswordHash], [SecurityStamp], [PhoneNumber], [PhoneNumberConfirmed], [TwoFactorEnabled], [LockoutEndDateUtc], [LockoutEnabled], [AccessFailedCount], [UserName]) VALUES (N'98267d42-91b3-4b18-b275-0212099cdf27', N'veena.ramachandran@student.uts.edu.au', 1, N'AGjK4FjATX79UnEP7Typ+sJ+M0HwEZ7vxs4EUQrEvFUicWOFpzP0Ux6OWThMnBbHAA==', N'84d3ee63-5072-4de3-a9f5-51f3d3fc8442', NULL, 0, 0, NULL, 1, 0, N'veena.ramachandran@student.uts.edu.au')
INSERT [dbo].[AspNetUsers] ([Id], [Email], [EmailConfirmed], [PasswordHash], [SecurityStamp], [PhoneNumber], [PhoneNumberConfirmed], [TwoFactorEnabled], [LockoutEndDateUtc], [LockoutEnabled], [AccessFailedCount], [UserName]) VALUES (N'98385b57-f2cc-41ae-9446-120cd3a650a6', N'tishat@live.com', 1, N'AOJ9LZb1FJQ8jRHt+E5JpPjSgjVgh2skJOazQB3zxtMog+TRYcry1zm5LP49/WUJfQ==', N'1835ea73-877b-42d9-9bf9-1eea7082bd61', NULL, 0, 0, NULL, 1, 0, N'tishat@live.com')
INSERT [dbo].[AspNetUsers] ([Id], [Email], [EmailConfirmed], [PasswordHash], [SecurityStamp], [PhoneNumber], [PhoneNumberConfirmed], [TwoFactorEnabled], [LockoutEndDateUtc], [LockoutEnabled], [AccessFailedCount], [UserName]) VALUES (N'992012ce-83fc-4bf3-b962-54ee16822b52', N'568803547@qq.com', 0, N'ALonnbhAuK7t/RDvtuyRwelHAX/yrnirxMfD4yHRqLVxSgb8t6MUx/hvG6jT58wJpw==', N'a2eadb02-4ddf-4371-9cf2-5355823cfac9', NULL, 0, 0, NULL, 1, 0, N'568803547@qq.com')
INSERT [dbo].[AspNetUsers] ([Id], [Email], [EmailConfirmed], [PasswordHash], [SecurityStamp], [PhoneNumber], [PhoneNumberConfirmed], [TwoFactorEnabled], [LockoutEndDateUtc], [LockoutEnabled], [AccessFailedCount], [UserName]) VALUES (N'9984b6dc-ae67-443f-94fe-9ba6880e7391', N'sooryavenkat93@gmail.com', 1, N'AD0Bqs9qKQIPHx9RVncr4i2xFqJDKFHp8v606cyK+gmejgSUPFjbc60YefAd3V2W/A==', N'ad6d6f74-90c3-4877-869e-f90f8b8a5745', NULL, 0, 0, NULL, 1, 0, N'sooryavenkat93@gmail.com')
INSERT [dbo].[AspNetUsers] ([Id], [Email], [EmailConfirmed], [PasswordHash], [SecurityStamp], [PhoneNumber], [PhoneNumberConfirmed], [TwoFactorEnabled], [LockoutEndDateUtc], [LockoutEnabled], [AccessFailedCount], [UserName]) VALUES (N'9a42335a-a01e-4438-83e4-431c3f549421', N'12642171@student.uts.edu.au', 1, N'AAJ7+8jAb/p6crjww0vCezgHL7690RobQ4lVh6D7w79rHGyUgPhUjfe7wBKnzt37Pg==', N'a8f9dc20-5b53-4b40-be28-3ce7875579c9', NULL, 0, 0, NULL, 1, 0, N'12642171@student.uts.edu.au')
INSERT [dbo].[AspNetUsers] ([Id], [Email], [EmailConfirmed], [PasswordHash], [SecurityStamp], [PhoneNumber], [PhoneNumberConfirmed], [TwoFactorEnabled], [LockoutEndDateUtc], [LockoutEnabled], [AccessFailedCount], [UserName]) VALUES (N'9bf9af65-1976-415f-9071-41e8cd7dd349', N'm.mirtalaie@unsw.edu.au', 1, N'AJtHzpXcTu4PAlvDuG/xYBNkLSLT8F652rUkrtnDfP0q+IK2Q68oYVbstMXHNeZFCg==', N'ad9cedea-4476-425d-b259-fa0e38ced1a5', NULL, 0, 0, NULL, 1, 0, N'm.mirtalaie@unsw.edu.au')
INSERT [dbo].[AspNetUsers] ([Id], [Email], [EmailConfirmed], [PasswordHash], [SecurityStamp], [PhoneNumber], [PhoneNumberConfirmed], [TwoFactorEnabled], [LockoutEndDateUtc], [LockoutEnabled], [AccessFailedCount], [UserName]) VALUES (N'9c136221-1aa7-4e26-b44b-ced4c107fe7b', N'choudharydhara1989@gmail.com', 1, N'APKcD+N840OQ2dkvkww3xL+lyKsA6zO5jP5cYnSolLqjvwtO+qzue0ONV9vn9XBksg==', N'd8ab0c7d-bef2-47ca-a6df-96bf106dd8c2', NULL, 0, 0, NULL, 1, 0, N'choudharydhara1989@gmail.com')
INSERT [dbo].[AspNetUsers] ([Id], [Email], [EmailConfirmed], [PasswordHash], [SecurityStamp], [PhoneNumber], [PhoneNumberConfirmed], [TwoFactorEnabled], [LockoutEndDateUtc], [LockoutEnabled], [AccessFailedCount], [UserName]) VALUES (N'9c4021f0-f28a-41e5-9668-6c230c8500ff', N'12427389@student.uts.edu.au', 1, N'AI+gSA3EnVJAQBdpvOpTtxrpjQqhWwY0wjIel+nJAkT3y0ODCKLg3jeTRL09O1w3+Q==', N'10cd221f-1c6d-41db-a2d4-4f28f91e7ff8', NULL, 0, 0, NULL, 1, 0, N'12427389@student.uts.edu.au')
INSERT [dbo].[AspNetUsers] ([Id], [Email], [EmailConfirmed], [PasswordHash], [SecurityStamp], [PhoneNumber], [PhoneNumberConfirmed], [TwoFactorEnabled], [LockoutEndDateUtc], [LockoutEnabled], [AccessFailedCount], [UserName]) VALUES (N'9c71e064-7a0a-4d04-b5d4-aebb657b9a99', N'zhaoxingding@126.com', 1, N'AP5DnwHzSN51blAOV4GatLaOi5c7yC8kzi2VwE07HdgQiyBL/7wA0GYaBFjbh4UFzg==', N'c9cf5b46-35c1-4ed1-a1e0-44e057e791bb', NULL, 0, 0, NULL, 1, 0, N'zhaoxingding@126.com')
INSERT [dbo].[AspNetUsers] ([Id], [Email], [EmailConfirmed], [PasswordHash], [SecurityStamp], [PhoneNumber], [PhoneNumberConfirmed], [TwoFactorEnabled], [LockoutEndDateUtc], [LockoutEnabled], [AccessFailedCount], [UserName]) VALUES (N'9cca57c0-aa10-4e7b-bf56-8905eb93e946', N'129686@uts.edu.au', 1, N'ACd0b034dQIVMRlNYAj6/MCVf62ALQpLGttBCUz6XfpQ+eOebcovMETcknlLlFW3Jg==', N'daaae075-b2a5-40bf-ba2d-bb79b764374b', NULL, 0, 0, NULL, 1, 0, N'129686@uts.edu.au')
INSERT [dbo].[AspNetUsers] ([Id], [Email], [EmailConfirmed], [PasswordHash], [SecurityStamp], [PhoneNumber], [PhoneNumberConfirmed], [TwoFactorEnabled], [LockoutEndDateUtc], [LockoutEnabled], [AccessFailedCount], [UserName]) VALUES (N'9f9f7dcc-f282-4e4b-bb7a-82db929bc647', N'dishapatel723@gmail.com', 1, N'AAWWOuwanXXZ+3dOwpPy5kPH+in3NvkHbB12EZmb22N8ZjqLGIVt+r1oODn+pRj0jw==', N'5e741319-d083-4b9e-a2b3-251a4e2e097e', NULL, 0, 0, NULL, 1, 0, N'dishapatel723@gmail.com')
INSERT [dbo].[AspNetUsers] ([Id], [Email], [EmailConfirmed], [PasswordHash], [SecurityStamp], [PhoneNumber], [PhoneNumberConfirmed], [TwoFactorEnabled], [LockoutEndDateUtc], [LockoutEnabled], [AccessFailedCount], [UserName]) VALUES (N'a0ffb53a-0340-415c-b03e-133cc1102674', N'isuzyfan@gmail.com', 1, N'AHE9AHuK/4qwEv7c4hYUTZet6uQXA25v0c7X9V5hi0h9rN8uO/2aiZvEv53FhYP9hA==', N'ce40c414-1a88-4b5e-9893-80137978bf17', NULL, 0, 0, NULL, 1, 0, N'isuzyfan@gmail.com')
INSERT [dbo].[AspNetUsers] ([Id], [Email], [EmailConfirmed], [PasswordHash], [SecurityStamp], [PhoneNumber], [PhoneNumberConfirmed], [TwoFactorEnabled], [LockoutEndDateUtc], [LockoutEnabled], [AccessFailedCount], [UserName]) VALUES (N'a398ba62-6d26-4f17-9478-0391e7824cf9', N'Doan.Hoang@uts.edu.au', 1, N'AFGZuepSVrbEScTU571VkAMd2E4njk4O6IbL/+iIP1vw180A6G+l1JSBN+Zs+q/dMw==', N'1c36902c-08f8-4c56-bb05-a60762e6e8fd', NULL, 0, 0, NULL, 1, 0, N'Doan.Hoang@uts.edu.au')
INSERT [dbo].[AspNetUsers] ([Id], [Email], [EmailConfirmed], [PasswordHash], [SecurityStamp], [PhoneNumber], [PhoneNumberConfirmed], [TwoFactorEnabled], [LockoutEndDateUtc], [LockoutEnabled], [AccessFailedCount], [UserName]) VALUES (N'a446bd61-601f-4382-be5a-90cc90b96c77', N'mysmartrp+cosuper@gmail.com', 1, N'AM2YYJmrlfd+SroS//aSxGkjI6QLIXQnukQSnycGskUV2FH/HhPOJ48A65GsXBaieg==', N'3457dc54-386a-4817-8a0f-af12a91d3a75', NULL, 0, 0, NULL, 1, 0, N'mysmartrp+cosuper@gmail.com')
INSERT [dbo].[AspNetUsers] ([Id], [Email], [EmailConfirmed], [PasswordHash], [SecurityStamp], [PhoneNumber], [PhoneNumberConfirmed], [TwoFactorEnabled], [LockoutEndDateUtc], [LockoutEnabled], [AccessFailedCount], [UserName]) VALUES (N'a6267b2c-a358-4a7f-b7f0-9e4fde20d832', N'yuanzhen.liu@student.uts.edu.au', 1, N'AAD+2RmByXy4e4ONGv82qJAH1n6b5LmaXOKOZustR6b/ocqBmjqvT2pRwmGZZKFYfg==', N'f0199c3e-f46a-4bd2-a5e1-04172ef0b30a', NULL, 0, 0, NULL, 1, 0, N'yuanzhen.liu@student.uts.edu.au')
INSERT [dbo].[AspNetUsers] ([Id], [Email], [EmailConfirmed], [PasswordHash], [SecurityStamp], [PhoneNumber], [PhoneNumberConfirmed], [TwoFactorEnabled], [LockoutEndDateUtc], [LockoutEnabled], [AccessFailedCount], [UserName]) VALUES (N'a6c12287-1c63-4b5d-bbb0-b90f745c26f3', N'12520932@student.uts.edu.au', 1, N'ALKt6t88HeNqdGHmQ/DZ+1dO0iGzy8R+pqYMvNDxsfRguBLgQ3a/XYbRXg1OTwtrCw==', N'a245d437-cded-45f6-86af-1d9f84f88213', NULL, 0, 0, NULL, 1, 0, N'12520932@student.uts.edu.au')
INSERT [dbo].[AspNetUsers] ([Id], [Email], [EmailConfirmed], [PasswordHash], [SecurityStamp], [PhoneNumber], [PhoneNumberConfirmed], [TwoFactorEnabled], [LockoutEndDateUtc], [LockoutEnabled], [AccessFailedCount], [UserName]) VALUES (N'a81be36c-0541-4afc-9ccc-aeb1a32dfb19', N'haiyan.lu@uts.edu.au', 1, N'APhYCsV544kvfR27559TwS8GmDuJbGc0z8wqySYJD+zspXVdBrWuNUyll/0T3sAgIg==', N'aba8724a-e630-4c82-97ac-c6caf5a4155f', NULL, 0, 0, NULL, 1, 0, N'haiyan.lu@uts.edu.au')
INSERT [dbo].[AspNetUsers] ([Id], [Email], [EmailConfirmed], [PasswordHash], [SecurityStamp], [PhoneNumber], [PhoneNumberConfirmed], [TwoFactorEnabled], [LockoutEndDateUtc], [LockoutEnabled], [AccessFailedCount], [UserName]) VALUES (N'a82c7c64-c91d-4536-b3a4-55ea6be345b1', N'negin.shariatimoghadam@gmail.com', 1, N'AKhe4aJT+FoUOYPaEl2Jat4h2QFVsi7MwNer62hjPwpuoqLT2XsudgFaKnUR11ehNw==', N'68e8a6fd-ade7-4d1f-a359-307ca0abacdf', NULL, 0, 0, NULL, 1, 0, N'negin.shariatimoghadam@gmail.com')
INSERT [dbo].[AspNetUsers] ([Id], [Email], [EmailConfirmed], [PasswordHash], [SecurityStamp], [PhoneNumber], [PhoneNumberConfirmed], [TwoFactorEnabled], [LockoutEndDateUtc], [LockoutEnabled], [AccessFailedCount], [UserName]) VALUES (N'aa7e78a5-971f-4672-b006-30ff08c57e32', N'12192860@student.uts.edu.au', 1, N'AFOZwPTAg7ShsMP25KSLgdf0dqJF7dWOuT4V9YUnk7k2R3SCtWsnZcnPYgue94TYzw==', N'1f9a8a05-3c0b-4799-bc90-8196dcb2afec', NULL, 0, 0, NULL, 1, 0, N'12192860@student.uts.edu.au')
INSERT [dbo].[AspNetUsers] ([Id], [Email], [EmailConfirmed], [PasswordHash], [SecurityStamp], [PhoneNumber], [PhoneNumberConfirmed], [TwoFactorEnabled], [LockoutEndDateUtc], [LockoutEnabled], [AccessFailedCount], [UserName]) VALUES (N'aafb883c-55b9-4d7b-8d7d-4d4062bdb2b9', N'Luke.M.Franco@student.uts.edu.au', 1, N'AOpCS72jWNXOQ3RJXnBY49YIvydXGm4/5x7tN1EOh6ndLM4XRj/Ay/xoq6AMpj+veg==', N'9619e8a0-3ef9-4d23-b2a0-93bed6f7f10f', NULL, 0, 0, NULL, 1, 0, N'Luke.M.Franco@student.uts.edu.au')
INSERT [dbo].[AspNetUsers] ([Id], [Email], [EmailConfirmed], [PasswordHash], [SecurityStamp], [PhoneNumber], [PhoneNumberConfirmed], [TwoFactorEnabled], [LockoutEndDateUtc], [LockoutEnabled], [AccessFailedCount], [UserName]) VALUES (N'ab6ce64b-ea5e-40b5-b005-a5c27431dbff', N'12481747@student.uts.edu.au', 1, N'ABpc/cdG1Ri5AKnTC/5QKOHywMGtYNjK8r7PrfzCjhWqoMbvbFtCOir+uuHZAT0Fsg==', N'4bb002eb-76e6-4d2a-8240-240a4fcf19a8', NULL, 0, 0, NULL, 1, 0, N'12481747@student.uts.edu.au')

INSERT [dbo].[AspNetUsers] ([Id], [Email], [EmailConfirmed], [PasswordHash], [SecurityStamp], [PhoneNumber], [PhoneNumberConfirmed], [TwoFactorEnabled], [LockoutEndDateUtc], [LockoutEnabled], [AccessFailedCount], [UserName]) VALUES (N'ac10c7a7-609e-4e33-8f31-8523180323d0', N'sophia.wangxp@gmail.com', 1, N'ABQkb+xOFsvMtP0JXN8m+oMq8VMvPlZjr/N4H/4YODui58uY96yMNBh8otSg+Oi7MQ==', N'53ad7b37-c3a9-4c5b-8fca-4f46632f2eca', NULL, 0, 0, NULL, 1, 0, N'sophia.wangxp@gmail.com')
INSERT [dbo].[AspNetUsers] ([Id], [Email], [EmailConfirmed], [PasswordHash], [SecurityStamp], [PhoneNumber], [PhoneNumberConfirmed], [TwoFactorEnabled], [LockoutEndDateUtc], [LockoutEnabled], [AccessFailedCount], [UserName]) VALUES (N'ae6cd02a-8f90-439f-9dd6-4e2786672088', N'12220505@student.uts.edu.au', 1, N'AEx3tNhWdW5xc1Mbmh6nZE8k/fmwQA8p3Kv88d+/dC8BTCCpQ8Vi8A6Nz2cXtmt6qg==', N'eeaf1055-7447-47bf-b6a2-97b2c4bb8afe', NULL, 0, 0, NULL, 1, 0, N'12220505@student.uts.edu.au')
INSERT [dbo].[AspNetUsers] ([Id], [Email], [EmailConfirmed], [PasswordHash], [SecurityStamp], [PhoneNumber], [PhoneNumberConfirmed], [TwoFactorEnabled], [LockoutEndDateUtc], [LockoutEnabled], [AccessFailedCount], [UserName]) VALUES (N'aed4eb38-7696-40fd-8df3-84b79160bbbc', N'99186746@student.uts.edu.au', 1, N'AFgbd2XkFXa2gimM/7mhHXxMUl/vqvOlDzPW74+0KH3H/h+LAM1T7gNlnGCG774AvA==', N'935f763e-ffe0-435c-9ef7-75b154c9832d', NULL, 0, 0, NULL, 1, 0, N'99186746@student.uts.edu.au')
INSERT [dbo].[AspNetUsers] ([Id], [Email], [EmailConfirmed], [PasswordHash], [SecurityStamp], [PhoneNumber], [PhoneNumberConfirmed], [TwoFactorEnabled], [LockoutEndDateUtc], [LockoutEnabled], [AccessFailedCount], [UserName]) VALUES (N'b1c75dfd-7638-4cc7-a200-535031ed846a', N'katarzyna.musial-gabrys@uts.edu.au', 1, N'ADKnQ3Xs4pJPk/HdDAsI0NpoyPQPO/hQK4H2wXAx0JuQb1oH8EO70SOgVJE41TpaeQ==', N'dfbea5e1-31ed-45bc-a8a0-728e6370cea9', NULL, 0, 0, NULL, 1, 0, N'katarzyna.musial-gabrys@uts.edu.au')
INSERT [dbo].[AspNetUsers] ([Id], [Email], [EmailConfirmed], [PasswordHash], [SecurityStamp], [PhoneNumber], [PhoneNumberConfirmed], [TwoFactorEnabled], [LockoutEndDateUtc], [LockoutEnabled], [AccessFailedCount], [UserName]) VALUES (N'b4a6ba45-1626-4151-87ce-2edbd7a83f2a', N'Jun.Li@uts.edu.au', 1, N'AE/Duz5eAsXM2+pJqfDvPeJmRzViBdvV9mhmWC/rXfSGkk0VQ8Kg4S/O0toEbUF6Cg==', N'402d3de2-eaea-4b3a-b809-692139e8dc50', NULL, 0, 0, NULL, 1, 0, N'Jun.Li@uts.edu.au')
INSERT [dbo].[AspNetUsers] ([Id], [Email], [EmailConfirmed], [PasswordHash], [SecurityStamp], [PhoneNumber], [PhoneNumberConfirmed], [TwoFactorEnabled], [LockoutEndDateUtc], [LockoutEnabled], [AccessFailedCount], [UserName]) VALUES (N'b5c34ef9-8c58-41f8-b7ae-dd6178dc69ce', N'mysmartrp+extsuper@gmail.com', 1, N'AFNLy8ywGsBuHR5w8Q43SaBkVT625Csjzb6WlAL2a8Wuq37tI4fRG1v5fQmKHjkfPA==', N'f80f6636-f598-4aa2-a4e9-fe58527b0616', NULL, 0, 0, NULL, 1, 0, N'mysmartrp+extsuper@gmail.com')
INSERT [dbo].[AspNetUsers] ([Id], [Email], [EmailConfirmed], [PasswordHash], [SecurityStamp], [PhoneNumber], [PhoneNumberConfirmed], [TwoFactorEnabled], [LockoutEndDateUtc], [LockoutEnabled], [AccessFailedCount], [UserName]) VALUES (N'b8095d6c-3160-4831-a1a1-02930e5a769c', N'Mohammad.Alshehri@uts.edu.au', 1, N'AAHoOuR6uLTOk43SxoP1mIcAetqLINFVtSVU6bzzIvMZrTHnPMa4i2GdDNsG+pUmlw==', N'a44dc456-5481-486a-b959-ae5c2d4d5e1e', NULL, 0, 0, NULL, 1, 0, N'Mohammad.Alshehri@uts.edu.au')
INSERT [dbo].[AspNetUsers] ([Id], [Email], [EmailConfirmed], [PasswordHash], [SecurityStamp], [PhoneNumber], [PhoneNumberConfirmed], [TwoFactorEnabled], [LockoutEndDateUtc], [LockoutEnabled], [AccessFailedCount], [UserName]) VALUES (N'b9644bdd-0287-437a-b606-1655f0943a03', N'alireza.ahadi@uts.edu.au', 1, N'ABQ36rK1znIDkDN8F+oUYVrYYBTK7Oll7wOcJ78/1MFL2U/6kShBTc2XV8ps4CxKKw==', N'67f3aab6-abfb-43f8-9427-015907f8e4c8', NULL, 0, 0, NULL, 1, 0, N'alireza.ahadi@uts.edu.au')
INSERT [dbo].[AspNetUsers] ([Id], [Email], [EmailConfirmed], [PasswordHash], [SecurityStamp], [PhoneNumber], [PhoneNumberConfirmed], [TwoFactorEnabled], [LockoutEndDateUtc], [LockoutEnabled], [AccessFailedCount], [UserName]) VALUES (N'bfe998e0-0d58-40f0-a33d-e1fb76bbe0a1', N'Gloaaron1016@gmail.com', 1, N'AHb2Eb8DpGeMHwjxjIm21uXUB2i79cDIN8y+weiArv/6bE/xhdqRr11aVq2iWr++3w==', N'8647b581-2195-4fd1-b09e-d2eeffe63bba', NULL, 0, 0, NULL, 1, 0, N'Gloaaron1016@gmail.com')
INSERT [dbo].[AspNetUsers] ([Id], [Email], [EmailConfirmed], [PasswordHash], [SecurityStamp], [PhoneNumber], [PhoneNumberConfirmed], [TwoFactorEnabled], [LockoutEndDateUtc], [LockoutEnabled], [AccessFailedCount], [UserName]) VALUES (N'c2cb7f64-37a1-45cb-a35c-5ceb08b49455', N'shanwangtop@gmail.com', 1, N'AM7GhwE651E32nsPxf3/c8LJH5/NvXH3vgxc61Qh3AA83oW0Omk0pqPCl+gMHkH8og==', N'2a34d110-3981-4307-b18e-1ce28dfe1a28', NULL, 0, 0, NULL, 1, 0, N'shanwangtop@gmail.com')
INSERT [dbo].[AspNetUsers] ([Id], [Email], [EmailConfirmed], [PasswordHash], [SecurityStamp], [PhoneNumber], [PhoneNumberConfirmed], [TwoFactorEnabled], [LockoutEndDateUtc], [LockoutEnabled], [AccessFailedCount], [UserName]) VALUES (N'c6b88b7c-1bc4-4d77-8570-a9c5f3bc9c59', N'Mao.Huang@uts.edu.au', 1, N'AAr3JUAtpq7umRJyCW+2kpKhSj42Bom0DK9L+0f/9fT1OdE0FPyz/P49tqyZhH4bGg==', N'26c12c9f-92c2-4219-b238-9df711e4c1c3', NULL, 0, 0, NULL, 1, 0, N'Mao.Huang@uts.edu.au')
INSERT [dbo].[AspNetUsers] ([Id], [Email], [EmailConfirmed], [PasswordHash], [SecurityStamp], [PhoneNumber], [PhoneNumberConfirmed], [TwoFactorEnabled], [LockoutEndDateUtc], [LockoutEnabled], [AccessFailedCount], [UserName]) VALUES (N'c8f3268d-a3eb-4d1d-aa5f-626084be01c7', N'12716508@student.uts.edu.au', 1, N'AP4ll1dGluIkmKDImcBS2zNix7X2kYyYqZQpMc7eWKK8VmCWgptV43WFtYBAynbseQ==', N'885524ee-f828-49c1-8e7d-3211c4c39b9f', NULL, 0, 0, NULL, 1, 0, N'12716508@student.uts.edu.au')
INSERT [dbo].[AspNetUsers] ([Id], [Email], [EmailConfirmed], [PasswordHash], [SecurityStamp], [PhoneNumber], [PhoneNumberConfirmed], [TwoFactorEnabled], [LockoutEndDateUtc], [LockoutEnabled], [AccessFailedCount], [UserName]) VALUES (N'c9874084-1f77-4bc1-9ecd-92cc9065c948', N'jonathan.chu@student.uts.edu.au', 1, N'AChOAkkQf3K5IJvqmQNHU25aFVM8G5cOwW2xZCBQZu/fuPkrg0UsUHtHkgdMuDpSgg==', N'2853d6fa-bb95-47b2-8c86-178ffa8ec22d', NULL, 0, 0, NULL, 1, 0, N'jonathan.chu@student.uts.edu.au')
INSERT [dbo].[AspNetUsers] ([Id], [Email], [EmailConfirmed], [PasswordHash], [SecurityStamp], [PhoneNumber], [PhoneNumberConfirmed], [TwoFactorEnabled], [LockoutEndDateUtc], [LockoutEnabled], [AccessFailedCount], [UserName]) VALUES (N'cae82f69-b1a1-4f07-96a8-a48b3f8c4080', N'794728421@qq.com', 1, N'AN6v3bU4rR8QqIy7yddnIAmUn5xQ9bY1A32J4y4M5t5ZkDUHf1jY74xKOfpTnt+SJw==', N'595d8d1f-626b-4607-85da-d5dcb101d76b', NULL, 0, 0, NULL, 1, 0, N'794728421@qq.com')
INSERT [dbo].[AspNetUsers] ([Id], [Email], [EmailConfirmed], [PasswordHash], [SecurityStamp], [PhoneNumber], [PhoneNumberConfirmed], [TwoFactorEnabled], [LockoutEndDateUtc], [LockoutEnabled], [AccessFailedCount], [UserName]) VALUES (N'cbdc2361-63f7-4ce4-b394-b40bc95e10c1', N'mysmartrp+super@gmail.com', 1, N'APum+FeKV6vvF70ZzUGj5umsukoAv3K8VtwtLFWAXY6teXLnP0/v8RVBOBb28ChHCg==', N'743ab49c-352d-497f-8dc7-ad5e0a1256e7', NULL, 0, 0, NULL, 1, 0, N'mysmartrp+super@gmail.com')
INSERT [dbo].[AspNetUsers] ([Id], [Email], [EmailConfirmed], [PasswordHash], [SecurityStamp], [PhoneNumber], [PhoneNumberConfirmed], [TwoFactorEnabled], [LockoutEndDateUtc], [LockoutEnabled], [AccessFailedCount], [UserName]) VALUES (N'cf8d92fb-13b9-408b-a0bb-f89dde5b04fc', N'giyang.wiharja@student.uts.edu.au', 1, N'AKb675qeBSBAH0IZMI7rDC+ylJwDX7BVR3i+W7AEQdobjOwnH/x0GPhUI9CuIMYWXA==', N'3adbf107-6954-4258-bc15-ff5cabc32560', NULL, 0, 0, NULL, 1, 0, N'giyang.wiharja@student.uts.edu.au')
INSERT [dbo].[AspNetUsers] ([Id], [Email], [EmailConfirmed], [PasswordHash], [SecurityStamp], [PhoneNumber], [PhoneNumberConfirmed], [TwoFactorEnabled], [LockoutEndDateUtc], [LockoutEnabled], [AccessFailedCount], [UserName]) VALUES (N'd07398f9-6edc-458f-98ce-914ad8e6f1c6', N'catherinechen427@gmail.com', 1, N'ACWcdXhdISfCOWhhbAuwgPd26bZNWNXgCsVE1kGtx4lYCni89SizeJCAmdSwVEjIrw==', N'83f91229-ab10-414a-9254-c046e63e3a47', NULL, 0, 0, NULL, 1, 0, N'catherinechen427@gmail.com')
INSERT [dbo].[AspNetUsers] ([Id], [Email], [EmailConfirmed], [PasswordHash], [SecurityStamp], [PhoneNumber], [PhoneNumberConfirmed], [TwoFactorEnabled], [LockoutEndDateUtc], [LockoutEnabled], [AccessFailedCount], [UserName]) VALUES (N'd5fc6d81-8607-41cd-b950-a374eb662be5', N'liupengju44@gmail.com', 1, N'ABuGuAT19aiPak3WCfPTXoMu0Uyiyl9O4NFudzgpAO6c8knORg8FmpYVWpIauByV2Q==', N'e59b0750-3b78-4cb9-bbce-573a36104180', NULL, 0, 0, NULL, 1, 0, N'liupengju44@gmail.com')
INSERT [dbo].[AspNetUsers] ([Id], [Email], [EmailConfirmed], [PasswordHash], [SecurityStamp], [PhoneNumber], [PhoneNumberConfirmed], [TwoFactorEnabled], [LockoutEndDateUtc], [LockoutEnabled], [AccessFailedCount], [UserName]) VALUES (N'd6d8786f-ef67-4f7f-b2e6-d19dc0389e2a', N'Osama.Sohaib@uts.edu.au', 1, N'AAUlxEqVKL1SdPJKFT6lJuRvO8/yatkAEdpwqA7dMb733RGIHrhc1jRuCBmd3d+kOA==', N'd1b29304-91bd-488e-b6a8-cc257b9a8c04', NULL, 0, 0, NULL, 1, 0, N'Osama.Sohaib@uts.edu.au')
INSERT [dbo].[AspNetUsers] ([Id], [Email], [EmailConfirmed], [PasswordHash], [SecurityStamp], [PhoneNumber], [PhoneNumberConfirmed], [TwoFactorEnabled], [LockoutEndDateUtc], [LockoutEnabled], [AccessFailedCount], [UserName]) VALUES (N'da6cf76f-a1b8-48f2-9606-74a2a4bdf3cc', N'mengyi.li@student.uts.edu.au', 1, N'AH7MQ2LiXGriaR5O1FwUrI5Fkmf3Elq0UclNXbORx1FpXS70wtuNBiyaCT9MNsSXSg==', N'8653eb3f-7c25-44c0-b49d-049bb5282353', NULL, 0, 0, NULL, 1, 0, N'mengyi.li@student.uts.edu.au')
INSERT [dbo].[AspNetUsers] ([Id], [Email], [EmailConfirmed], [PasswordHash], [SecurityStamp], [PhoneNumber], [PhoneNumberConfirmed], [TwoFactorEnabled], [LockoutEndDateUtc], [LockoutEnabled], [AccessFailedCount], [UserName]) VALUES (N'dbbe1d35-692c-41a0-92d5-8857661cd722', N'cheng.peng-3@student.uts.edu.au', 1, N'ANRSofmXri3aeeTuTJqsnbjAQkJF1Oh5qqu7kiXRVy2y8D/27CtN/wbkp/PEPtCfjw==', N'39dc9b1e-7275-4426-a157-395b74d1a50d', NULL, 0, 0, NULL, 1, 0, N'cheng.peng-3@student.uts.edu.au')
INSERT [dbo].[AspNetUsers] ([Id], [Email], [EmailConfirmed], [PasswordHash], [SecurityStamp], [PhoneNumber], [PhoneNumberConfirmed], [TwoFactorEnabled], [LockoutEndDateUtc], [LockoutEnabled], [AccessFailedCount], [UserName]) VALUES (N'dd29cf00-ab3f-4f2f-8b3d-96dd5916cfaf', N'michael.gemin2@gmail.com', 1, N'APctT9whKIhV2Y8fSmCFbrKZitau4B22oB2bOAeBZqpbUHMsSbuhge5Pbcv2LmCdJA==', N'6fd04f7e-a7f9-4272-b551-4b3726733200', NULL, 0, 0, NULL, 1, 0, N'michael.gemin2@gmail.com')
INSERT [dbo].[AspNetUsers] ([Id], [Email], [EmailConfirmed], [PasswordHash], [SecurityStamp], [PhoneNumber], [PhoneNumberConfirmed], [TwoFactorEnabled], [LockoutEndDateUtc], [LockoutEnabled], [AccessFailedCount], [UserName]) VALUES (N'def7b91d-e0a2-4f7a-b618-daa6f22792db', N'walayathussain@gmail.com', 1, N'AC6+2ldPX2iyeMdaLUpP3riUrnjdAlOFrK3wcQGEZ6UMoy35e3ZPAoOZjTk37i6UwA==', N'fe17c1a4-9e3d-4427-978c-7cf257bed99d', NULL, 0, 0, NULL, 1, 0, N'walayathussain@gmail.com')
INSERT [dbo].[AspNetUsers] ([Id], [Email], [EmailConfirmed], [PasswordHash], [SecurityStamp], [PhoneNumber], [PhoneNumberConfirmed], [TwoFactorEnabled], [LockoutEndDateUtc], [LockoutEnabled], [AccessFailedCount], [UserName]) VALUES (N'df120382-3a7b-4ef6-8b62-213dd73d442b', N'12444345@student.uts.edu.au', 1, N'AIh9JP+TH3R98um1dXWg6faTe39PWk4cJCDJYfXaXMNqDTKsLknLIRr337OrkV9rFg==', N'7135b2b9-f980-4a93-90ca-a8c32e3dd055', NULL, 0, 0, NULL, 1, 0, N'12444345@student.uts.edu.au')
INSERT [dbo].[AspNetUsers] ([Id], [Email], [EmailConfirmed], [PasswordHash], [SecurityStamp], [PhoneNumber], [PhoneNumberConfirmed], [TwoFactorEnabled], [LockoutEndDateUtc], [LockoutEnabled], [AccessFailedCount], [UserName]) VALUES (N'e132f48b-2682-4546-85ff-23492a0f13d8', N'Farookh.Hussain@uts.edu.au', 1, N'ACWaqAlNxlvaifCGY2uVJ1+P/fXUMhq424U42uU2rizF9CDrbzXnNBG19AOmWsBlUQ==', N'276ac425-5d33-4920-aa4c-50c3240e0cc0', NULL, 0, 0, NULL, 1, 0, N'Farookh.Hussain@uts.edu.au')
INSERT [dbo].[AspNetUsers] ([Id], [Email], [EmailConfirmed], [PasswordHash], [SecurityStamp], [PhoneNumber], [PhoneNumberConfirmed], [TwoFactorEnabled], [LockoutEndDateUtc], [LockoutEnabled], [AccessFailedCount], [UserName]) VALUES (N'e2372f3b-1e4f-47e9-a399-8cd0a9a51700', N'samuel.ferguson@uts.edu.au', 1, N'AKfDpaR3EzD87yko+hMv+FGWgnf+lDorI9Urn2qQa9VXu4cuykrc+tIlPwcVCYE8KA==', N'5255d735-4381-4bed-9580-2465ee6b09bb', NULL, 0, 0, NULL, 1, 0, N'samuel.ferguson@uts.edu.au')
INSERT [dbo].[AspNetUsers] ([Id], [Email], [EmailConfirmed], [PasswordHash], [SecurityStamp], [PhoneNumber], [PhoneNumberConfirmed], [TwoFactorEnabled], [LockoutEndDateUtc], [LockoutEnabled], [AccessFailedCount], [UserName]) VALUES (N'e3aa69b2-edc7-4470-ba7c-aa8c4bb410bd', N'walayat.hussain@uts.edu.au', 1, N'ALEI2ta6ULagq4Cl6JNcH/95TaRFg2FHYJNDHlA0o5I0qK25ogg3QbfN+G64dc7xeg==', N'eb530a0a-8aed-4e52-b22b-97bb4d158c64', NULL, 0, 0, NULL, 1, 0, N'walayat.hussain@uts.edu.au')
INSERT [dbo].[AspNetUsers] ([Id], [Email], [EmailConfirmed], [PasswordHash], [SecurityStamp], [PhoneNumber], [PhoneNumberConfirmed], [TwoFactorEnabled], [LockoutEndDateUtc], [LockoutEnabled], [AccessFailedCount], [UserName]) VALUES (N'e476c7f0-e597-4f31-87fb-414ac7c706b4', N'yang.yu@uts.edu.au', 1, N'AGJNFEQjqL+YjpYqmjNliAAnslvaPY6nRO4ZLEKi31ADfTuUrJvdyOLdj32t7jJcyg==', N'83e5b3e0-5099-42bb-a5fe-7913dc0c7f09', NULL, 0, 0, NULL, 1, 0, N'yang.yu@uts.edu.au')
INSERT [dbo].[AspNetUsers] ([Id], [Email], [EmailConfirmed], [PasswordHash], [SecurityStamp], [PhoneNumber], [PhoneNumberConfirmed], [TwoFactorEnabled], [LockoutEndDateUtc], [LockoutEnabled], [AccessFailedCount], [UserName]) VALUES (N'e74b8560-46bc-4d7a-8e4e-9158dad26d3e', N'superfrankie621@gmail.com', 0, N'APa+0sOjRFwrLD6HlWOsuvIyd3caADTwRT/lTqh8jIfTPZiqWf6xU+DPukBr+twaDQ==', N'89e4aea3-0954-4fe2-9fbd-81f36d23bbb5', NULL, 0, 0, NULL, 1, 0, N'superfrankie621@gmail.com')
INSERT [dbo].[AspNetUsers] ([Id], [Email], [EmailConfirmed], [PasswordHash], [SecurityStamp], [PhoneNumber], [PhoneNumberConfirmed], [TwoFactorEnabled], [LockoutEndDateUtc], [LockoutEnabled], [AccessFailedCount], [UserName]) VALUES (N'e8eda0ad-e730-47db-8369-8f3f90b52929', N'david.mcgloin@uts.edu.au', 1, N'AGcwjuVxr+3y9un8cpe8+kK8R22MSN92DKnnrSM5QIyURmabg+eHa1C9S3QUGIzy1g==', N'f87556f5-d90b-4dad-a035-6c9898abee2c', NULL, 0, 0, NULL, 1, 0, N'david.mcgloin@uts.edu.au')
INSERT [dbo].[AspNetUsers] ([Id], [Email], [EmailConfirmed], [PasswordHash], [SecurityStamp], [PhoneNumber], [PhoneNumberConfirmed], [TwoFactorEnabled], [LockoutEndDateUtc], [LockoutEnabled], [AccessFailedCount], [UserName]) VALUES (N'ea725c6a-2482-4bf8-a147-953f157e00c8', N'526254951@qq.com', 0, N'ANeOc/OFwVK1dEPfFVa0MI92gqBZhGHl4abPaQNmRyqDNPHobbnwjMsabhuUXKqatw==', N'b7eb0108-fb7d-47f7-8f8a-9e65f24652a5', NULL, 0, 0, NULL, 1, 0, N'526254951@qq.com')
INSERT [dbo].[AspNetUsers] ([Id], [Email], [EmailConfirmed], [PasswordHash], [SecurityStamp], [PhoneNumber], [PhoneNumberConfirmed], [TwoFactorEnabled], [LockoutEndDateUtc], [LockoutEnabled], [AccessFailedCount], [UserName]) VALUES (N'ecc12328-3c3b-4dfa-b9b5-d09d9acb230a', N'mysmartrp+admin@gmail.com', 1, N'AHGvnFt5jkqYD5u6yuTebVY0hMEkN/2FXyF/98TBOO9hgtZ9HClgijuIZoFicvH1JQ==', N'8088bc75-a8e3-40b8-b551-5f7bdacc02bd', NULL, 0, 0, NULL, 1, 0, N'mysmartrp+admin@gmail.com')
INSERT [dbo].[AspNetUsers] ([Id], [Email], [EmailConfirmed], [PasswordHash], [SecurityStamp], [PhoneNumber], [PhoneNumberConfirmed], [TwoFactorEnabled], [LockoutEndDateUtc], [LockoutEnabled], [AccessFailedCount], [UserName]) VALUES (N'ee87dfff-d199-4427-bd88-f3228b6e887c', N'dr.farookh@gmail.com', 1, N'AGncxV65DFoWKqPTIlEWoD5dbTWYpR++SE2ra3Mdffk0OtMpeBFbnc8Lx/SpNd2NHA==', N'473a7188-d6ae-49d0-ba00-3d717765f9ed', NULL, 0, 0, NULL, 1, 0, N'dr.farookh@gmail.com')
INSERT [dbo].[AspNetUsers] ([Id], [Email], [EmailConfirmed], [PasswordHash], [SecurityStamp], [PhoneNumber], [PhoneNumberConfirmed], [TwoFactorEnabled], [LockoutEndDateUtc], [LockoutEnabled], [AccessFailedCount], [UserName]) VALUES (N'f036e153-787b-4b86-ad59-bfa92f4c5b16', N'Manpreetkaur82888@gmail.com', 1, N'APBcOiz5Ptq4neZXxeAFo9c2MRBpPN/nDERdUxRt1wEeOhnIa7+doxaWV+bgwQ9e6g==', N'579cdee3-c068-47d7-adf0-b7d529fc1904', NULL, 0, 0, NULL, 1, 0, N'Manpreetkaur82888@gmail.com')
INSERT [dbo].[AspNetUsers] ([Id], [Email], [EmailConfirmed], [PasswordHash], [SecurityStamp], [PhoneNumber], [PhoneNumberConfirmed], [TwoFactorEnabled], [LockoutEndDateUtc], [LockoutEnabled], [AccessFailedCount], [UserName]) VALUES (N'f165ae8a-dce4-4034-a89f-27b49c662cd0', N'farhan.youthe@gmail.com', 1, N'ABivVTrW+l/etzuSTj1ZJpHCKd6tY6AKLzW6CkFi7yoUpWFWJwlBgSCkwWCvHYDvig==', N'dd8253ee-0a4b-4982-bc20-586e172053f4', NULL, 0, 0, NULL, 1, 0, N'farhan.youthe@gmail.com')
INSERT [dbo].[AspNetUsers] ([Id], [Email], [EmailConfirmed], [PasswordHash], [SecurityStamp], [PhoneNumber], [PhoneNumberConfirmed], [TwoFactorEnabled], [LockoutEndDateUtc], [LockoutEnabled], [AccessFailedCount], [UserName]) VALUES (N'f2cf9a6f-d22d-4a11-8c0f-738010c450a2', N'Zhaoxing.Ding@student.uts.edu.au', 1, N'ABBs0YYpnGNgvY6EDYE+Sj8GMoPYezNW0ZybZZ3neUUxshnqaMjQYMeDj2shOqtHZw==', N'7ba0a842-00f8-4368-b335-1f861be9f2ba', NULL, 0, 0, NULL, 1, 0, N'Zhaoxing.Ding@student.uts.edu.au')
INSERT [dbo].[AspNetUsers] ([Id], [Email], [EmailConfirmed], [PasswordHash], [SecurityStamp], [PhoneNumber], [PhoneNumberConfirmed], [TwoFactorEnabled], [LockoutEndDateUtc], [LockoutEnabled], [AccessFailedCount], [UserName]) VALUES (N'f765d973-d7d2-4a30-8f0d-bd694b17a031', N'mysmartrp+student3@gmail.com', 1, N'AJFC5vUMdwNKY8K2pKlU0QCETDOhi2w2bJBZPf7fFOBkzZVQAbKtZMHLjiDmFTsuew==', N'd9aa76c5-6ae5-4151-ad39-c5d99db4c74d', NULL, 0, 0, NULL, 1, 0, N'mysmartrp+student3@gmail.com')
INSERT [dbo].[AspNetUsers] ([Id], [Email], [EmailConfirmed], [PasswordHash], [SecurityStamp], [PhoneNumber], [PhoneNumberConfirmed], [TwoFactorEnabled], [LockoutEndDateUtc], [LockoutEnabled], [AccessFailedCount], [UserName]) VALUES (N'f9973bad-7277-460e-850b-1ff57dd87346', N'yilan.fu@student.uts.edu.au', 1, N'AA2G1g/v/uqUhwZrsyNkYKDhs7v+9A4GIqNGfDuirBtxTp/tV25BopRojKGzACnQPw==', N'87c44b74-4d6f-41ba-b7cc-b97d43b899d4', NULL, 0, 0, NULL, 1, 0, N'yilan.fu@student.uts.edu.au')
INSERT [dbo].[AspNetUsers] ([Id], [Email], [EmailConfirmed], [PasswordHash], [SecurityStamp], [PhoneNumber], [PhoneNumberConfirmed], [TwoFactorEnabled], [LockoutEndDateUtc], [LockoutEnabled], [AccessFailedCount], [UserName]) VALUES (N'fba26050-3752-4b93-acd2-60f084daf7d8', N'athenatsn@gmail.com', 1, N'ANmvoZYqbRyQC7e68/kWdoVMQPfSwRlzPfS8/QCgx3tIg31RpY2oOu0Yq0CajR8yLg==', N'0e5ca1f9-12ea-45f2-9919-0f2f15332905', NULL, 0, 0, NULL, 1, 0, N'athenatsn@gmail.com')
INSERT [dbo].[AspNetUsers] ([Id], [Email], [EmailConfirmed], [PasswordHash], [SecurityStamp], [PhoneNumber], [PhoneNumberConfirmed], [TwoFactorEnabled], [LockoutEndDateUtc], [LockoutEnabled], [AccessFailedCount], [UserName]) VALUES (N'fd75b22f-3c96-46a7-bb99-db514f9e4890', N'yvanwang66@gmail.com', 1, N'AOhSmzDkgcuvY+aMCKe5xFgdlqp3uP2i92f4f0dFNgEr7ZSbOw05fjtVBKQxpnL16g==', N'2461ecf9-0995-4d2c-b987-fc7b017183fe', NULL, 0, 0, NULL, 1, 0, N'yvanwang66@gmail.com')
INSERT [dbo].[AspNetUsers] ([Id], [Email], [EmailConfirmed], [PasswordHash], [SecurityStamp], [PhoneNumber], [PhoneNumberConfirmed], [TwoFactorEnabled], [LockoutEndDateUtc], [LockoutEnabled], [AccessFailedCount], [UserName]) VALUES (N'fdce3d31-0064-459f-b2ca-24e89aeb0068', N'PawanVilas.Patil@student.uts.edu.au', 1, N'ABt6aW+YmC4TWe4mzDxXIpK00cAC7PIyTJngib22bHqn4RjAypUUpQwTf8TlWu9ktQ==', N'e66fd50a-1836-449a-9f04-41aa09da41c5', NULL, 0, 0, NULL, 1, 0, N'PawanVilas.Patil@student.uts.edu.au')

INSERT [dbo].[AspNetRoles] ([Id], [Name]) VALUES (N'8eddda67-a940-4f5f-91fa-d12f8552c636', N'Admin')
INSERT [dbo].[AspNetRoles] ([Id], [Name]) VALUES (N'21668770-b23a-4c84-952a-71546e4ca72d', N'Coordinator')
INSERT [dbo].[AspNetRoles] ([Id], [Name]) VALUES (N'758db410-e0b3-4610-904c-7ff9cb6022e7', N'CoSupervisor')
INSERT [dbo].[AspNetRoles] ([Id], [Name]) VALUES (N'e289e055-1d3b-46a8-a005-a716f1e4fc7d', N'ExternalSupervisor')
INSERT [dbo].[AspNetRoles] ([Id], [Name]) VALUES (N'5a9c6342-da81-4bd5-9cc9-b086c40168f7', N'Student')
INSERT [dbo].[AspNetRoles] ([Id], [Name]) VALUES (N'701b948e-e081-4456-85dc-226c82bd7fd8', N'Supervisor')


INSERT [dbo].[AspNetUserRoles] ([UserId], [RoleId]) VALUES (N'008b1bde-db79-4970-a7af-a586c38e5e8b', N'701b948e-e081-4456-85dc-226c82bd7fd8')
INSERT [dbo].[AspNetUserRoles] ([UserId], [RoleId]) VALUES (N'0589858e-484b-454b-9c3a-b4c7218c141c', N'5a9c6342-da81-4bd5-9cc9-b086c40168f7')
INSERT [dbo].[AspNetUserRoles] ([UserId], [RoleId]) VALUES (N'08b57d3c-2435-4f85-817d-42e6dd67d7eb', N'5a9c6342-da81-4bd5-9cc9-b086c40168f7')
INSERT [dbo].[AspNetUserRoles] ([UserId], [RoleId]) VALUES (N'09f12abc-0008-4871-a929-1f2017212626', N'758db410-e0b3-4610-904c-7ff9cb6022e7')
INSERT [dbo].[AspNetUserRoles] ([UserId], [RoleId]) VALUES (N'0b7d4b75-0515-42a8-84cf-41603cafc380', N'5a9c6342-da81-4bd5-9cc9-b086c40168f7')
INSERT [dbo].[AspNetUserRoles] ([UserId], [RoleId]) VALUES (N'0c68318a-a1f3-4882-86e7-b22550d2c4de', N'5a9c6342-da81-4bd5-9cc9-b086c40168f7')
INSERT [dbo].[AspNetUserRoles] ([UserId], [RoleId]) VALUES (N'0d86ca3b-3b25-49d3-b1c8-9fc617cd82cb', N'5a9c6342-da81-4bd5-9cc9-b086c40168f7')
INSERT [dbo].[AspNetUserRoles] ([UserId], [RoleId]) VALUES (N'11f453d4-e7b4-44a9-945b-6d58d039cd2d', N'701b948e-e081-4456-85dc-226c82bd7fd8')
INSERT [dbo].[AspNetUserRoles] ([UserId], [RoleId]) VALUES (N'1243cce0-b376-4b6f-a7ab-bd1866af5dcf', N'5a9c6342-da81-4bd5-9cc9-b086c40168f7')
INSERT [dbo].[AspNetUserRoles] ([UserId], [RoleId]) VALUES (N'12a0bd28-0d79-4601-9a17-a9b9a6c6982c', N'5a9c6342-da81-4bd5-9cc9-b086c40168f7')
INSERT [dbo].[AspNetUserRoles] ([UserId], [RoleId]) VALUES (N'1824cc02-7662-489d-b03c-b39a998ba6e9', N'701b948e-e081-4456-85dc-226c82bd7fd8')
INSERT [dbo].[AspNetUserRoles] ([UserId], [RoleId]) VALUES (N'190dc764-dcae-45df-a155-ff1c16da197a', N'5a9c6342-da81-4bd5-9cc9-b086c40168f7')
INSERT [dbo].[AspNetUserRoles] ([UserId], [RoleId]) VALUES (N'19cbf159-e1a5-4fed-9648-e4e263b10261', N'5a9c6342-da81-4bd5-9cc9-b086c40168f7')
INSERT [dbo].[AspNetUserRoles] ([UserId], [RoleId]) VALUES (N'1e5bf660-d442-4fcb-b28b-50421172416a', N'701b948e-e081-4456-85dc-226c82bd7fd8')
INSERT [dbo].[AspNetUserRoles] ([UserId], [RoleId]) VALUES (N'1e70ab6d-688a-4651-9d1f-204e545fc499', N'758db410-e0b3-4610-904c-7ff9cb6022e7')
INSERT [dbo].[AspNetUserRoles] ([UserId], [RoleId]) VALUES (N'2383d230-359f-4b0e-b85e-3d25d11c6a92', N'5a9c6342-da81-4bd5-9cc9-b086c40168f7')
INSERT [dbo].[AspNetUserRoles] ([UserId], [RoleId]) VALUES (N'2af41c09-4475-4c43-a4f9-ef407b5830e2', N'701b948e-e081-4456-85dc-226c82bd7fd8')
INSERT [dbo].[AspNetUserRoles] ([UserId], [RoleId]) VALUES (N'2c3ac8df-9a17-4987-b750-e89b5daea4ce', N'5a9c6342-da81-4bd5-9cc9-b086c40168f7')
INSERT [dbo].[AspNetUserRoles] ([UserId], [RoleId]) VALUES (N'2e311532-ee0e-40a7-83ee-6891d9ea4935', N'701b948e-e081-4456-85dc-226c82bd7fd8')
INSERT [dbo].[AspNetUserRoles] ([UserId], [RoleId]) VALUES (N'2e43e0c2-7bdc-4326-b398-228c6a56686e', N'5a9c6342-da81-4bd5-9cc9-b086c40168f7')
INSERT [dbo].[AspNetUserRoles] ([UserId], [RoleId]) VALUES (N'3087611f-e2c5-44a1-a22b-745e237570ea', N'5a9c6342-da81-4bd5-9cc9-b086c40168f7')
INSERT [dbo].[AspNetUserRoles] ([UserId], [RoleId]) VALUES (N'32743751-9ac1-4af1-9bbc-edaf0a6ae131', N'5a9c6342-da81-4bd5-9cc9-b086c40168f7')
INSERT [dbo].[AspNetUserRoles] ([UserId], [RoleId]) VALUES (N'3349460a-1857-4c15-9d84-85d59e481597', N'758db410-e0b3-4610-904c-7ff9cb6022e7')
INSERT [dbo].[AspNetUserRoles] ([UserId], [RoleId]) VALUES (N'335298ea-5d6d-458b-b569-ec8defe511e6', N'701b948e-e081-4456-85dc-226c82bd7fd8')
INSERT [dbo].[AspNetUserRoles] ([UserId], [RoleId]) VALUES (N'33839858-f559-4d4e-8090-4660d2023338', N'701b948e-e081-4456-85dc-226c82bd7fd8')
INSERT [dbo].[AspNetUserRoles] ([UserId], [RoleId]) VALUES (N'354882ee-a66c-4696-a6c6-2e1c14f5ff52', N'5a9c6342-da81-4bd5-9cc9-b086c40168f7')
INSERT [dbo].[AspNetUserRoles] ([UserId], [RoleId]) VALUES (N'36bfffe6-850f-4412-8a41-3eb86a9d8096', N'5a9c6342-da81-4bd5-9cc9-b086c40168f7')
INSERT [dbo].[AspNetUserRoles] ([UserId], [RoleId]) VALUES (N'38a0c9e7-829e-4c6e-a4d5-29e01639834a', N'701b948e-e081-4456-85dc-226c82bd7fd8')
INSERT [dbo].[AspNetUserRoles] ([UserId], [RoleId]) VALUES (N'3978fd51-c8c0-4808-9d58-766568458ac9', N'5a9c6342-da81-4bd5-9cc9-b086c40168f7')
INSERT [dbo].[AspNetUserRoles] ([UserId], [RoleId]) VALUES (N'3b200672-80a5-4ff7-b88a-fcd830c3e004', N'701b948e-e081-4456-85dc-226c82bd7fd8')
INSERT [dbo].[AspNetUserRoles] ([UserId], [RoleId]) VALUES (N'3c0860bb-f2ef-4411-91db-63cd98584440', N'5a9c6342-da81-4bd5-9cc9-b086c40168f7')
INSERT [dbo].[AspNetUserRoles] ([UserId], [RoleId]) VALUES (N'3c62a368-73ff-4b76-95f2-b1e5a74dfcdb', N'5a9c6342-da81-4bd5-9cc9-b086c40168f7')
INSERT [dbo].[AspNetUserRoles] ([UserId], [RoleId]) VALUES (N'3caf55cb-b212-46bb-be0d-ba2394b09b56', N'758db410-e0b3-4610-904c-7ff9cb6022e7')
INSERT [dbo].[AspNetUserRoles] ([UserId], [RoleId]) VALUES (N'41e87626-7f65-4775-9448-62fc7e2ab1fb', N'5a9c6342-da81-4bd5-9cc9-b086c40168f7')
INSERT [dbo].[AspNetUserRoles] ([UserId], [RoleId]) VALUES (N'4434e430-9c10-4006-aaad-6189cd1f357b', N'5a9c6342-da81-4bd5-9cc9-b086c40168f7')
INSERT [dbo].[AspNetUserRoles] ([UserId], [RoleId]) VALUES (N'44672cea-3de8-4971-97f9-996c75129aa5', N'5a9c6342-da81-4bd5-9cc9-b086c40168f7')
INSERT [dbo].[AspNetUserRoles] ([UserId], [RoleId]) VALUES (N'4656950a-3b7a-432e-b1d2-0e721bbbe167', N'5a9c6342-da81-4bd5-9cc9-b086c40168f7')
INSERT [dbo].[AspNetUserRoles] ([UserId], [RoleId]) VALUES (N'4ca81cc3-e10d-4f75-9695-e3e66cafe32e', N'5a9c6342-da81-4bd5-9cc9-b086c40168f7')
INSERT [dbo].[AspNetUserRoles] ([UserId], [RoleId]) VALUES (N'4cb7b47d-1872-4373-95cf-8c31ff3e62e2', N'701b948e-e081-4456-85dc-226c82bd7fd8')
INSERT [dbo].[AspNetUserRoles] ([UserId], [RoleId]) VALUES (N'55bc31bf-9687-4b40-89d7-511c87501695', N'701b948e-e081-4456-85dc-226c82bd7fd8')
INSERT [dbo].[AspNetUserRoles] ([UserId], [RoleId]) VALUES (N'581b054b-669d-4cef-bbfc-08e04e521a16', N'5a9c6342-da81-4bd5-9cc9-b086c40168f7')
INSERT [dbo].[AspNetUserRoles] ([UserId], [RoleId]) VALUES (N'5907b57f-1245-4af7-9354-0f984f1caa37', N'5a9c6342-da81-4bd5-9cc9-b086c40168f7')
INSERT [dbo].[AspNetUserRoles] ([UserId], [RoleId]) VALUES (N'5b341977-6301-4304-913b-c32fb76c10bf', N'5a9c6342-da81-4bd5-9cc9-b086c40168f7')
INSERT [dbo].[AspNetUserRoles] ([UserId], [RoleId]) VALUES (N'5c73dde6-fbd1-4c26-b987-d648eb6b5fda', N'5a9c6342-da81-4bd5-9cc9-b086c40168f7')
INSERT [dbo].[AspNetUserRoles] ([UserId], [RoleId]) VALUES (N'5cea36f8-c747-4904-acc3-198cc2653fc7', N'5a9c6342-da81-4bd5-9cc9-b086c40168f7')
INSERT [dbo].[AspNetUserRoles] ([UserId], [RoleId]) VALUES (N'5e0221b3-ff57-47b5-b8fa-ad23b76b0c9f', N'5a9c6342-da81-4bd5-9cc9-b086c40168f7')
INSERT [dbo].[AspNetUserRoles] ([UserId], [RoleId]) VALUES (N'617887da-d3b4-44b4-86b4-a63f1e77ed4d', N'5a9c6342-da81-4bd5-9cc9-b086c40168f7')
INSERT [dbo].[AspNetUserRoles] ([UserId], [RoleId]) VALUES (N'67aa1a69-d234-4289-b586-ec5403af1580', N'5a9c6342-da81-4bd5-9cc9-b086c40168f7')
INSERT [dbo].[AspNetUserRoles] ([UserId], [RoleId]) VALUES (N'682683e8-a484-4554-81cc-b5239a431848', N'5a9c6342-da81-4bd5-9cc9-b086c40168f7')
INSERT [dbo].[AspNetUserRoles] ([UserId], [RoleId]) VALUES (N'69538856-1c34-41d4-b83e-11b2615c5464', N'701b948e-e081-4456-85dc-226c82bd7fd8')
INSERT [dbo].[AspNetUserRoles] ([UserId], [RoleId]) VALUES (N'6a98e9c5-fd0d-4334-b4a9-4fe4076b7651', N'5a9c6342-da81-4bd5-9cc9-b086c40168f7')
INSERT [dbo].[AspNetUserRoles] ([UserId], [RoleId]) VALUES (N'6abfcf89-3fef-4656-9220-dbcddd8e8606', N'21668770-b23a-4c84-952a-71546e4ca72d')
INSERT [dbo].[AspNetUserRoles] ([UserId], [RoleId]) VALUES (N'6d0f3d8f-4fe6-4f78-a57f-84f8197c14fa', N'701b948e-e081-4456-85dc-226c82bd7fd8')
INSERT [dbo].[AspNetUserRoles] ([UserId], [RoleId]) VALUES (N'7016ac99-2e22-4b9b-88bb-ca8dc7eced72', N'701b948e-e081-4456-85dc-226c82bd7fd8')
INSERT [dbo].[AspNetUserRoles] ([UserId], [RoleId]) VALUES (N'7048bb55-6986-47a8-93aa-524a6eb13033', N'701b948e-e081-4456-85dc-226c82bd7fd8')
INSERT [dbo].[AspNetUserRoles] ([UserId], [RoleId]) VALUES (N'71da38e3-c569-4134-93dc-be3fc15eafe0', N'5a9c6342-da81-4bd5-9cc9-b086c40168f7')
INSERT [dbo].[AspNetUserRoles] ([UserId], [RoleId]) VALUES (N'7237fd9a-a916-4edc-89b2-7e759eb1b31c', N'5a9c6342-da81-4bd5-9cc9-b086c40168f7')
INSERT [dbo].[AspNetUserRoles] ([UserId], [RoleId]) VALUES (N'76edd30f-806b-4da8-9e65-85bf337b9b58', N'5a9c6342-da81-4bd5-9cc9-b086c40168f7')
INSERT [dbo].[AspNetUserRoles] ([UserId], [RoleId]) VALUES (N'7892b0aa-5c3c-4c14-a61e-047d2766c82d', N'21668770-b23a-4c84-952a-71546e4ca72d')
INSERT [dbo].[AspNetUserRoles] ([UserId], [RoleId]) VALUES (N'7894ea52-7243-45cd-a124-a495e724812c', N'5a9c6342-da81-4bd5-9cc9-b086c40168f7')
INSERT [dbo].[AspNetUserRoles] ([UserId], [RoleId]) VALUES (N'7f389b53-90ad-41b7-86c4-ea5f9c160151', N'5a9c6342-da81-4bd5-9cc9-b086c40168f7')
INSERT [dbo].[AspNetUserRoles] ([UserId], [RoleId]) VALUES (N'81c425f0-ba17-48fb-8228-4dbbd1ff6573', N'5a9c6342-da81-4bd5-9cc9-b086c40168f7')
INSERT [dbo].[AspNetUserRoles] ([UserId], [RoleId]) VALUES (N'8311bf52-6d66-4b5f-9a45-3a0109c04772', N'701b948e-e081-4456-85dc-226c82bd7fd8')
INSERT [dbo].[AspNetUserRoles] ([UserId], [RoleId]) VALUES (N'832a2e37-3f02-4fef-9dbb-74b6f1e14a91', N'5a9c6342-da81-4bd5-9cc9-b086c40168f7')
INSERT [dbo].[AspNetUserRoles] ([UserId], [RoleId]) VALUES (N'84c1aaa3-d1be-4cd7-adf7-5f559701922d', N'5a9c6342-da81-4bd5-9cc9-b086c40168f7')
INSERT [dbo].[AspNetUserRoles] ([UserId], [RoleId]) VALUES (N'88902fa6-aa1c-44da-a0cf-ea77a8d43734', N'5a9c6342-da81-4bd5-9cc9-b086c40168f7')
INSERT [dbo].[AspNetUserRoles] ([UserId], [RoleId]) VALUES (N'8a69902e-c18e-4851-995c-4c4909bace8f', N'701b948e-e081-4456-85dc-226c82bd7fd8')
INSERT [dbo].[AspNetUserRoles] ([UserId], [RoleId]) VALUES (N'8e6490e8-9283-4441-a184-ba2ca510440b', N'5a9c6342-da81-4bd5-9cc9-b086c40168f7')
INSERT [dbo].[AspNetUserRoles] ([UserId], [RoleId]) VALUES (N'9024c564-a070-40fa-932e-44e8996c3a24', N'5a9c6342-da81-4bd5-9cc9-b086c40168f7')
INSERT [dbo].[AspNetUserRoles] ([UserId], [RoleId]) VALUES (N'93be7221-be63-47a4-862a-008df1aebba1', N'5a9c6342-da81-4bd5-9cc9-b086c40168f7')
INSERT [dbo].[AspNetUserRoles] ([UserId], [RoleId]) VALUES (N'93f0bbcb-da8d-416b-80d3-3921b2de3803', N'5a9c6342-da81-4bd5-9cc9-b086c40168f7')
INSERT [dbo].[AspNetUserRoles] ([UserId], [RoleId]) VALUES (N'94096756-58f2-4f3a-9f98-69925343a115', N'5a9c6342-da81-4bd5-9cc9-b086c40168f7')
INSERT [dbo].[AspNetUserRoles] ([UserId], [RoleId]) VALUES (N'9442f974-e715-4d3d-9c0d-c2813f6ab61d', N'5a9c6342-da81-4bd5-9cc9-b086c40168f7')
INSERT [dbo].[AspNetUserRoles] ([UserId], [RoleId]) VALUES (N'94634760-54f3-4e68-8b8f-f784f163cbc3', N'5a9c6342-da81-4bd5-9cc9-b086c40168f7')
INSERT [dbo].[AspNetUserRoles] ([UserId], [RoleId]) VALUES (N'9601f190-bb55-4b42-b611-b0de032bf0e0', N'5a9c6342-da81-4bd5-9cc9-b086c40168f7')
INSERT [dbo].[AspNetUserRoles] ([UserId], [RoleId]) VALUES (N'96ba5fa4-5ab0-4a7e-a577-3a8f67b5a56b', N'5a9c6342-da81-4bd5-9cc9-b086c40168f7')
INSERT [dbo].[AspNetUserRoles] ([UserId], [RoleId]) VALUES (N'97bacfe4-0f20-4935-b062-88be3fd0f9fc', N'5a9c6342-da81-4bd5-9cc9-b086c40168f7')
INSERT [dbo].[AspNetUserRoles] ([UserId], [RoleId]) VALUES (N'98267d42-91b3-4b18-b275-0212099cdf27', N'5a9c6342-da81-4bd5-9cc9-b086c40168f7')
INSERT [dbo].[AspNetUserRoles] ([UserId], [RoleId]) VALUES (N'98385b57-f2cc-41ae-9446-120cd3a650a6', N'5a9c6342-da81-4bd5-9cc9-b086c40168f7')
INSERT [dbo].[AspNetUserRoles] ([UserId], [RoleId]) VALUES (N'992012ce-83fc-4bf3-b962-54ee16822b52', N'5a9c6342-da81-4bd5-9cc9-b086c40168f7')
INSERT [dbo].[AspNetUserRoles] ([UserId], [RoleId]) VALUES (N'9984b6dc-ae67-443f-94fe-9ba6880e7391', N'5a9c6342-da81-4bd5-9cc9-b086c40168f7')
INSERT [dbo].[AspNetUserRoles] ([UserId], [RoleId]) VALUES (N'9a42335a-a01e-4438-83e4-431c3f549421', N'5a9c6342-da81-4bd5-9cc9-b086c40168f7')
INSERT [dbo].[AspNetUserRoles] ([UserId], [RoleId]) VALUES (N'9bf9af65-1976-415f-9071-41e8cd7dd349', N'758db410-e0b3-4610-904c-7ff9cb6022e7')
INSERT [dbo].[AspNetUserRoles] ([UserId], [RoleId]) VALUES (N'9c136221-1aa7-4e26-b44b-ced4c107fe7b', N'5a9c6342-da81-4bd5-9cc9-b086c40168f7')
INSERT [dbo].[AspNetUserRoles] ([UserId], [RoleId]) VALUES (N'9c4021f0-f28a-41e5-9668-6c230c8500ff', N'5a9c6342-da81-4bd5-9cc9-b086c40168f7')
INSERT [dbo].[AspNetUserRoles] ([UserId], [RoleId]) VALUES (N'9c71e064-7a0a-4d04-b5d4-aebb657b9a99', N'5a9c6342-da81-4bd5-9cc9-b086c40168f7')
INSERT [dbo].[AspNetUserRoles] ([UserId], [RoleId]) VALUES (N'9cca57c0-aa10-4e7b-bf56-8905eb93e946', N'701b948e-e081-4456-85dc-226c82bd7fd8')
INSERT [dbo].[AspNetUserRoles] ([UserId], [RoleId]) VALUES (N'9f9f7dcc-f282-4e4b-bb7a-82db929bc647', N'5a9c6342-da81-4bd5-9cc9-b086c40168f7')
INSERT [dbo].[AspNetUserRoles] ([UserId], [RoleId]) VALUES (N'a0ffb53a-0340-415c-b03e-133cc1102674', N'5a9c6342-da81-4bd5-9cc9-b086c40168f7')
INSERT [dbo].[AspNetUserRoles] ([UserId], [RoleId]) VALUES (N'a398ba62-6d26-4f17-9478-0391e7824cf9', N'701b948e-e081-4456-85dc-226c82bd7fd8')
INSERT [dbo].[AspNetUserRoles] ([UserId], [RoleId]) VALUES (N'a446bd61-601f-4382-be5a-90cc90b96c77', N'758db410-e0b3-4610-904c-7ff9cb6022e7')
INSERT [dbo].[AspNetUserRoles] ([UserId], [RoleId]) VALUES (N'a6267b2c-a358-4a7f-b7f0-9e4fde20d832', N'5a9c6342-da81-4bd5-9cc9-b086c40168f7')
INSERT [dbo].[AspNetUserRoles] ([UserId], [RoleId]) VALUES (N'a6c12287-1c63-4b5d-bbb0-b90f745c26f3', N'5a9c6342-da81-4bd5-9cc9-b086c40168f7')
INSERT [dbo].[AspNetUserRoles] ([UserId], [RoleId]) VALUES (N'a81be36c-0541-4afc-9ccc-aeb1a32dfb19', N'701b948e-e081-4456-85dc-226c82bd7fd8')
INSERT [dbo].[AspNetUserRoles] ([UserId], [RoleId]) VALUES (N'a82c7c64-c91d-4536-b3a4-55ea6be345b1', N'701b948e-e081-4456-85dc-226c82bd7fd8')
INSERT [dbo].[AspNetUserRoles] ([UserId], [RoleId]) VALUES (N'aa7e78a5-971f-4672-b006-30ff08c57e32', N'5a9c6342-da81-4bd5-9cc9-b086c40168f7')
INSERT [dbo].[AspNetUserRoles] ([UserId], [RoleId]) VALUES (N'aafb883c-55b9-4d7b-8d7d-4d4062bdb2b9', N'5a9c6342-da81-4bd5-9cc9-b086c40168f7')
INSERT [dbo].[AspNetUserRoles] ([UserId], [RoleId]) VALUES (N'ab6ce64b-ea5e-40b5-b005-a5c27431dbff', N'5a9c6342-da81-4bd5-9cc9-b086c40168f7')
INSERT [dbo].[AspNetUserRoles] ([UserId], [RoleId]) VALUES (N'ac10c7a7-609e-4e33-8f31-8523180323d0', N'5a9c6342-da81-4bd5-9cc9-b086c40168f7')
INSERT [dbo].[AspNetUserRoles] ([UserId], [RoleId]) VALUES (N'ae6cd02a-8f90-439f-9dd6-4e2786672088', N'758db410-e0b3-4610-904c-7ff9cb6022e7')

INSERT [dbo].[AspNetUserRoles] ([UserId], [RoleId]) VALUES (N'aed4eb38-7696-40fd-8df3-84b79160bbbc', N'5a9c6342-da81-4bd5-9cc9-b086c40168f7')
INSERT [dbo].[AspNetUserRoles] ([UserId], [RoleId]) VALUES (N'b1c75dfd-7638-4cc7-a200-535031ed846a', N'701b948e-e081-4456-85dc-226c82bd7fd8')
INSERT [dbo].[AspNetUserRoles] ([UserId], [RoleId]) VALUES (N'b4a6ba45-1626-4151-87ce-2edbd7a83f2a', N'701b948e-e081-4456-85dc-226c82bd7fd8')
INSERT [dbo].[AspNetUserRoles] ([UserId], [RoleId]) VALUES (N'b5c34ef9-8c58-41f8-b7ae-dd6178dc69ce', N'e289e055-1d3b-46a8-a005-a716f1e4fc7d')
INSERT [dbo].[AspNetUserRoles] ([UserId], [RoleId]) VALUES (N'b8095d6c-3160-4831-a1a1-02930e5a769c', N'758db410-e0b3-4610-904c-7ff9cb6022e7')
INSERT [dbo].[AspNetUserRoles] ([UserId], [RoleId]) VALUES (N'b9644bdd-0287-437a-b606-1655f0943a03', N'758db410-e0b3-4610-904c-7ff9cb6022e7')
INSERT [dbo].[AspNetUserRoles] ([UserId], [RoleId]) VALUES (N'bfe998e0-0d58-40f0-a33d-e1fb76bbe0a1', N'5a9c6342-da81-4bd5-9cc9-b086c40168f7')
INSERT [dbo].[AspNetUserRoles] ([UserId], [RoleId]) VALUES (N'c2cb7f64-37a1-45cb-a35c-5ceb08b49455', N'5a9c6342-da81-4bd5-9cc9-b086c40168f7')
INSERT [dbo].[AspNetUserRoles] ([UserId], [RoleId]) VALUES (N'c6b88b7c-1bc4-4d77-8570-a9c5f3bc9c59', N'701b948e-e081-4456-85dc-226c82bd7fd8')
INSERT [dbo].[AspNetUserRoles] ([UserId], [RoleId]) VALUES (N'c8f3268d-a3eb-4d1d-aa5f-626084be01c7', N'5a9c6342-da81-4bd5-9cc9-b086c40168f7')
INSERT [dbo].[AspNetUserRoles] ([UserId], [RoleId]) VALUES (N'c9874084-1f77-4bc1-9ecd-92cc9065c948', N'5a9c6342-da81-4bd5-9cc9-b086c40168f7')
INSERT [dbo].[AspNetUserRoles] ([UserId], [RoleId]) VALUES (N'cae82f69-b1a1-4f07-96a8-a48b3f8c4080', N'5a9c6342-da81-4bd5-9cc9-b086c40168f7')
INSERT [dbo].[AspNetUserRoles] ([UserId], [RoleId]) VALUES (N'cbdc2361-63f7-4ce4-b394-b40bc95e10c1', N'701b948e-e081-4456-85dc-226c82bd7fd8')
INSERT [dbo].[AspNetUserRoles] ([UserId], [RoleId]) VALUES (N'cf8d92fb-13b9-408b-a0bb-f89dde5b04fc', N'5a9c6342-da81-4bd5-9cc9-b086c40168f7')
INSERT [dbo].[AspNetUserRoles] ([UserId], [RoleId]) VALUES (N'd07398f9-6edc-458f-98ce-914ad8e6f1c6', N'5a9c6342-da81-4bd5-9cc9-b086c40168f7')
INSERT [dbo].[AspNetUserRoles] ([UserId], [RoleId]) VALUES (N'd5fc6d81-8607-41cd-b950-a374eb662be5', N'5a9c6342-da81-4bd5-9cc9-b086c40168f7')
INSERT [dbo].[AspNetUserRoles] ([UserId], [RoleId]) VALUES (N'd6d8786f-ef67-4f7f-b2e6-d19dc0389e2a', N'701b948e-e081-4456-85dc-226c82bd7fd8')
INSERT [dbo].[AspNetUserRoles] ([UserId], [RoleId]) VALUES (N'da6cf76f-a1b8-48f2-9606-74a2a4bdf3cc', N'5a9c6342-da81-4bd5-9cc9-b086c40168f7')
INSERT [dbo].[AspNetUserRoles] ([UserId], [RoleId]) VALUES (N'dbbe1d35-692c-41a0-92d5-8857661cd722', N'5a9c6342-da81-4bd5-9cc9-b086c40168f7')
INSERT [dbo].[AspNetUserRoles] ([UserId], [RoleId]) VALUES (N'dd29cf00-ab3f-4f2f-8b3d-96dd5916cfaf', N'5a9c6342-da81-4bd5-9cc9-b086c40168f7')
INSERT [dbo].[AspNetUserRoles] ([UserId], [RoleId]) VALUES (N'def7b91d-e0a2-4f7a-b618-daa6f22792db', N'5a9c6342-da81-4bd5-9cc9-b086c40168f7')
INSERT [dbo].[AspNetUserRoles] ([UserId], [RoleId]) VALUES (N'df120382-3a7b-4ef6-8b62-213dd73d442b', N'5a9c6342-da81-4bd5-9cc9-b086c40168f7')
INSERT [dbo].[AspNetUserRoles] ([UserId], [RoleId]) VALUES (N'e132f48b-2682-4546-85ff-23492a0f13d8', N'701b948e-e081-4456-85dc-226c82bd7fd8')
INSERT [dbo].[AspNetUserRoles] ([UserId], [RoleId]) VALUES (N'e2372f3b-1e4f-47e9-a399-8cd0a9a51700', N'701b948e-e081-4456-85dc-226c82bd7fd8')
INSERT [dbo].[AspNetUserRoles] ([UserId], [RoleId]) VALUES (N'e3aa69b2-edc7-4470-ba7c-aa8c4bb410bd', N'758db410-e0b3-4610-904c-7ff9cb6022e7')
INSERT [dbo].[AspNetUserRoles] ([UserId], [RoleId]) VALUES (N'e476c7f0-e597-4f31-87fb-414ac7c706b4', N'758db410-e0b3-4610-904c-7ff9cb6022e7')
INSERT [dbo].[AspNetUserRoles] ([UserId], [RoleId]) VALUES (N'e8eda0ad-e730-47db-8369-8f3f90b52929', N'701b948e-e081-4456-85dc-226c82bd7fd8')
INSERT [dbo].[AspNetUserRoles] ([UserId], [RoleId]) VALUES (N'ea725c6a-2482-4bf8-a147-953f157e00c8', N'5a9c6342-da81-4bd5-9cc9-b086c40168f7')
INSERT [dbo].[AspNetUserRoles] ([UserId], [RoleId]) VALUES (N'ecc12328-3c3b-4dfa-b9b5-d09d9acb230a', N'8eddda67-a940-4f5f-91fa-d12f8552c636')
INSERT [dbo].[AspNetUserRoles] ([UserId], [RoleId]) VALUES (N'ee87dfff-d199-4427-bd88-f3228b6e887c', N'5a9c6342-da81-4bd5-9cc9-b086c40168f7')
INSERT [dbo].[AspNetUserRoles] ([UserId], [RoleId]) VALUES (N'f036e153-787b-4b86-ad59-bfa92f4c5b16', N'5a9c6342-da81-4bd5-9cc9-b086c40168f7')
INSERT [dbo].[AspNetUserRoles] ([UserId], [RoleId]) VALUES (N'f165ae8a-dce4-4034-a89f-27b49c662cd0', N'5a9c6342-da81-4bd5-9cc9-b086c40168f7')
INSERT [dbo].[AspNetUserRoles] ([UserId], [RoleId]) VALUES (N'f2cf9a6f-d22d-4a11-8c0f-738010c450a2', N'5a9c6342-da81-4bd5-9cc9-b086c40168f7')
INSERT [dbo].[AspNetUserRoles] ([UserId], [RoleId]) VALUES (N'f765d973-d7d2-4a30-8f0d-bd694b17a031', N'5a9c6342-da81-4bd5-9cc9-b086c40168f7')
INSERT [dbo].[AspNetUserRoles] ([UserId], [RoleId]) VALUES (N'f9973bad-7277-460e-850b-1ff57dd87346', N'5a9c6342-da81-4bd5-9cc9-b086c40168f7')
INSERT [dbo].[AspNetUserRoles] ([UserId], [RoleId]) VALUES (N'fba26050-3752-4b93-acd2-60f084daf7d8', N'5a9c6342-da81-4bd5-9cc9-b086c40168f7')
INSERT [dbo].[AspNetUserRoles] ([UserId], [RoleId]) VALUES (N'fd75b22f-3c96-46a7-bb99-db514f9e4890', N'5a9c6342-da81-4bd5-9cc9-b086c40168f7')
INSERT [dbo].[AspNetUserRoles] ([UserId], [RoleId]) VALUES (N'fdce3d31-0064-459f-b2ca-24e89aeb0068', N'5a9c6342-da81-4bd5-9cc9-b086c40168f7')



SET IDENTITY_INSERT [dbo].[User] ON 

INSERT [dbo].[User] ([ID], [Firstname], [Lastname], [Email], [Phone], [Introduction], [ResumeURL], [SuggestedKeyword], [CreatedAt], [UpdatedAt], [LoginIdentityID]) VALUES (1, N'Helen', N'Lu', N'haiyan1758@gmail.com', N'295141758', N'I am good at C++ programming, data mining, machine learning, web application development, knowledge modeling, knowledge representation, recommendation system, ontology, OWL', NULL, NULL, CAST(N'2017-07-21T08:17:13.037' AS DateTime), CAST(N'2017-08-02T10:03:37.060' AS DateTime), N'6abfcf89-3fef-4656-9220-dbcddd8e8606')
INSERT [dbo].[User] ([ID], [Firstname], [Lastname], [Email], [Phone], [Introduction], [ResumeURL], [SuggestedKeyword], [CreatedAt], [UpdatedAt], [LoginIdentityID]) VALUES (2, N'Helen', N'Lu', N'haiyan.lu@uts.edu.au', N'0295141758', N'My research interests include computational intelligence with focus on evolutionary computation, intelligent systems and recommendation systems.', NULL, NULL, CAST(N'2017-07-22T11:10:43.993' AS DateTime), CAST(N'2017-07-27T08:15:19.280' AS DateTime), N'a81be36c-0541-4afc-9ccc-aeb1a32dfb19')
INSERT [dbo].[User] ([ID], [Firstname], [Lastname], [Email], [Phone], [Introduction], [ResumeURL], [SuggestedKeyword], [CreatedAt], [UpdatedAt], [LoginIdentityID]) VALUES (3, N'Barry ', N'Drake', N'barry.drake@uts.edu.au', N'0295145027', N'Industry Professor, specializing in Machine Learning, Artificial Intelligence, Data Interrogation. Specifically as applied to health systems data.', NULL, NULL, CAST(N'2017-07-27T13:55:41.607' AS DateTime), CAST(N'2017-08-18T04:04:39.663' AS DateTime), N'6d0f3d8f-4fe6-4f78-a57f-84f8197c14fa')
INSERT [dbo].[User] ([ID], [Firstname], [Lastname], [Email], [Phone], [Introduction], [ResumeURL], [SuggestedKeyword], [CreatedAt], [UpdatedAt], [LoginIdentityID]) VALUES (4, N'Farookh', N'Hussain', N'Farookh.Hussain@uts.edu.au', NULL, NULL, NULL, NULL, CAST(N'2017-07-27T21:45:20.210' AS DateTime), CAST(N'2017-08-09T08:57:14.180' AS DateTime), N'e132f48b-2682-4546-85ff-23492a0f13d8')
INSERT [dbo].[User] ([ID], [Firstname], [Lastname], [Email], [Phone], [Introduction], [ResumeURL], [SuggestedKeyword], [CreatedAt], [UpdatedAt], [LoginIdentityID]) VALUES (5, N'Osama ', N'Sohaib', N'Osama.Sohaib@uts.edu.au', NULL, N'https://www.uts.edu.au/staff/osama.sohaib', NULL, NULL, CAST(N'2017-07-27T21:52:15.930' AS DateTime), CAST(N'2017-07-29T11:23:37.607' AS DateTime), N'd6d8786f-ef67-4f7f-b2e6-d19dc0389e2a')
INSERT [dbo].[User] ([ID], [Firstname], [Lastname], [Email], [Phone], [Introduction], [ResumeURL], [SuggestedKeyword], [CreatedAt], [UpdatedAt], [LoginIdentityID]) VALUES (6, N'mukesh', N'prasad', N'mukesh.prasad@uts.edu.au', N'4426', NULL, NULL, NULL, CAST(N'2017-07-31T05:19:54.317' AS DateTime), CAST(N'2017-07-31T05:20:14.903' AS DateTime), N'3b200672-80a5-4ff7-b88a-fcd830c3e004')
INSERT [dbo].[User] ([ID], [Firstname], [Lastname], [Email], [Phone], [Introduction], [ResumeURL], [SuggestedKeyword], [CreatedAt], [UpdatedAt], [LoginIdentityID]) VALUES (7, N'Jaime', N'Garcia', N'Jaime.Garcia@uts.edu.au', NULL, NULL, NULL, NULL, CAST(N'2017-08-10T00:56:37.477' AS DateTime), CAST(N'2017-08-10T00:56:54.913' AS DateTime), N'11f453d4-e7b4-44a9-945b-6d58d039cd2d')
INSERT [dbo].[User] ([ID], [Firstname], [Lastname], [Email], [Phone], [Introduction], [ResumeURL], [SuggestedKeyword], [CreatedAt], [UpdatedAt], [LoginIdentityID]) VALUES (8, N'William', N'Raffe', N'william.raffe@uts.edu.au', N'95144828', NULL, NULL, NULL, CAST(N'2017-08-10T22:50:24.747' AS DateTime), CAST(N'2017-08-10T22:51:34.080' AS DateTime), N'33839858-f559-4d4e-8090-4660d2023338')
INSERT [dbo].[User] ([ID], [Firstname], [Lastname], [Email], [Phone], [Introduction], [ResumeURL], [SuggestedKeyword], [CreatedAt], [UpdatedAt], [LoginIdentityID]) VALUES (9, N'Marco', N'Tomamichel', N'marco.tomamichel@uts.edu.au', NULL, NULL, NULL, NULL, CAST(N'2017-08-20T23:21:07.143' AS DateTime), CAST(N'2017-08-20T23:25:02.033' AS DateTime), N'8311bf52-6d66-4b5f-9a45-3a0109c04772')
INSERT [dbo].[User] ([ID], [Firstname], [Lastname], [Email], [Phone], [Introduction], [ResumeURL], [SuggestedKeyword], [CreatedAt], [UpdatedAt], [LoginIdentityID]) VALUES (10, N'Wei', N'Liu', N'wei.liu@uts.edu.au', N'0295143782', NULL, NULL, NULL, CAST(N'2017-08-20T23:52:41.727' AS DateTime), CAST(N'2017-08-20T23:53:47.123' AS DateTime), N'7016ac99-2e22-4b9b-88bb-ca8dc7eced72')
INSERT [dbo].[User] ([ID], [Firstname], [Lastname], [Email], [Phone], [Introduction], [ResumeURL], [SuggestedKeyword], [CreatedAt], [UpdatedAt], [LoginIdentityID]) VALUES (11, N'Jesse', N'Clark', N'jesse.clark@uts.edu.au', N'0459763305', NULL, NULL, NULL, CAST(N'2017-08-21T01:12:44.440' AS DateTime), CAST(N'2017-08-21T01:13:07.187' AS DateTime), N'008b1bde-db79-4970-a7af-a586c38e5e8b')
INSERT [dbo].[User] ([ID], [Firstname], [Lastname], [Email], [Phone], [Introduction], [ResumeURL], [SuggestedKeyword], [CreatedAt], [UpdatedAt], [LoginIdentityID]) VALUES (12, N'Jun', N'Li', N'Jun.Li@uts.edu.au', N'0295142431', NULL, NULL, NULL, CAST(N'2017-08-21T01:58:33.133' AS DateTime), CAST(N'2017-08-21T01:58:54.497' AS DateTime), N'b4a6ba45-1626-4151-87ce-2edbd7a83f2a')
INSERT [dbo].[User] ([ID], [Firstname], [Lastname], [Email], [Phone], [Introduction], [ResumeURL], [SuggestedKeyword], [CreatedAt], [UpdatedAt], [LoginIdentityID]) VALUES (13, N'Kyeong', N'Kang', N'kyeong.kang@uts.edu.au', N'0295141912', NULL, NULL, NULL, CAST(N'2017-08-21T04:34:47.537' AS DateTime), CAST(N'2017-08-21T04:35:51.313' AS DateTime), N'335298ea-5d6d-458b-b569-ec8defe511e6')
INSERT [dbo].[User] ([ID], [Firstname], [Lastname], [Email], [Phone], [Introduction], [ResumeURL], [SuggestedKeyword], [CreatedAt], [UpdatedAt], [LoginIdentityID]) VALUES (14, N'Nagesh', N'Shukla', N'nagesh.shukla@uts.edu.au', N'0295142734', NULL, NULL, NULL, CAST(N'2017-08-22T00:16:50.380' AS DateTime), CAST(N'2017-08-22T00:17:20.867' AS DateTime), N'2e311532-ee0e-40a7-83ee-6891d9ea4935')
INSERT [dbo].[User] ([ID], [Firstname], [Lastname], [Email], [Phone], [Introduction], [ResumeURL], [SuggestedKeyword], [CreatedAt], [UpdatedAt], [LoginIdentityID]) VALUES (15, N'MD RABIUL', N'ISLAM', N'MdRabiul.Islam-1@student.uts.edu.au', N'0404693528', NULL, NULL, NULL, CAST(N'2017-07-29T11:06:28.217' AS DateTime), CAST(N'2017-07-29T11:07:56.967' AS DateTime), N'1e70ab6d-688a-4651-9d1f-204e545fc499')
INSERT [dbo].[User] ([ID], [Firstname], [Lastname], [Email], [Phone], [Introduction], [ResumeURL], [SuggestedKeyword], [CreatedAt], [UpdatedAt], [LoginIdentityID]) VALUES (16, N'Guohua', N'Liang', N'996513@uts.edu.au', N'0414978368', N'I received a PhD in Computing Science from School of Software, Faculty of Engineering and IT, UTS in 2014. Her research focused on Data Mining, Machine Learning, and Statistical Analysis. I has published 10 first-author high quality peer-reviewed publications during her PhD.', NULL, NULL, CAST(N'2017-07-31T09:17:27.287' AS DateTime), CAST(N'2017-07-31T09:18:28.690' AS DateTime), N'3caf55cb-b212-46bb-be0d-ba2394b09b56')
INSERT [dbo].[User] ([ID], [Firstname], [Lastname], [Email], [Phone], [Introduction], [ResumeURL], [SuggestedKeyword], [CreatedAt], [UpdatedAt], [LoginIdentityID]) VALUES (17, N'Mohammad', N'Alshehri', N'Mohammad.Alshehri@uts.edu.au', NULL, NULL, NULL, NULL, CAST(N'2017-08-23T05:07:43.450' AS DateTime), CAST(N'2017-08-23T05:11:00.557' AS DateTime), N'b8095d6c-3160-4831-a1a1-02930e5a769c')
INSERT [dbo].[User] ([ID], [Firstname], [Lastname], [Email], [Phone], [Introduction], [ResumeURL], [SuggestedKeyword], [CreatedAt], [UpdatedAt], [LoginIdentityID]) VALUES (18, N'Alireza', N'Ahadi', N'alireza.ahadi@uts.edu.au', N'0450620629', NULL, NULL, NULL, CAST(N'2017-08-24T11:41:45.733' AS DateTime), CAST(N'2017-08-24T11:42:10.963' AS DateTime), N'b9644bdd-0287-437a-b606-1655f0943a03')
INSERT [dbo].[User] ([ID], [Firstname], [Lastname], [Email], [Phone], [Introduction], [ResumeURL], [SuggestedKeyword], [CreatedAt], [UpdatedAt], [LoginIdentityID]) VALUES (19, N'Walayat', N'Hussain', N'walayat.hussain@uts.edu.au', NULL, N' Service level agreement (SLA) is an essential agreement formed between a consumer and a provider
in business activities. ', N'~/Resources/resume/document3.docx', NULL, CAST(N'2017-07-27T20:43:45.407' AS DateTime), CAST(N'2017-07-27T20:44:11.310' AS DateTime), N'e3aa69b2-edc7-4470-ba7c-aa8c4bb410bd')
INSERT [dbo].[User] ([ID], [Firstname], [Lastname], [Email], [Phone], [Introduction], [ResumeURL], [SuggestedKeyword], [CreatedAt], [UpdatedAt], [LoginIdentityID]) VALUES (20, N'Yang', N'Yu', N'yang.yu@uts.edu.au', N'0295149059', NULL, NULL, NULL, CAST(N'2017-08-14T06:13:01.173' AS DateTime), CAST(N'2017-08-14T06:13:41.160' AS DateTime), N'e476c7f0-e597-4f31-87fb-414ac7c706b4')
INSERT [dbo].[User] ([ID], [Firstname], [Lastname], [Email], [Phone], [Introduction], [ResumeURL], [SuggestedKeyword], [CreatedAt], [UpdatedAt], [LoginIdentityID]) VALUES (21, N'extsupervisor-testing', N'ext-supervisor-testing', N'mysmartrp+extsuper@gmail.com', NULL, NULL, NULL, NULL, CAST(N'2018-03-06T21:31:03.900' AS DateTime), CAST(N'2018-03-06T21:31:03.900' AS DateTime), N'b5c34ef9-8c58-41f8-b7ae-dd6178dc69ce')
INSERT [dbo].[User] ([ID], [Firstname], [Lastname], [Email], [Phone], [Introduction], [ResumeURL], [SuggestedKeyword], [CreatedAt], [UpdatedAt], [LoginIdentityID]) VALUES (22, N'cosupervisor-testing', N'co-supervisor-testing', N'mysmartrp+cosuper@gmail.com', NULL, N'Testing account', NULL, NULL, CAST(N'2018-03-06T21:31:17.913' AS DateTime), CAST(N'2018-03-06T21:31:17.913' AS DateTime), N'a446bd61-601f-4382-be5a-90cc90b96c77')
INSERT [dbo].[User] ([ID], [Firstname], [Lastname], [Email], [Phone], [Introduction], [ResumeURL], [SuggestedKeyword], [CreatedAt], [UpdatedAt], [LoginIdentityID]) VALUES (23, N'testing-user', N'supervisor-testing', N'mysmartrp+super@gmail.com', N'0000000000', N'Sample testing ', NULL, NULL, CAST(N'2018-03-06T21:31:38.237' AS DateTime), CAST(N'2018-03-06T21:31:38.237' AS DateTime), N'cbdc2361-63f7-4ce4-b394-b40bc95e10c1')
INSERT [dbo].[User] ([ID], [Firstname], [Lastname], [Email], [Phone], [Introduction], [ResumeURL], [SuggestedKeyword], [CreatedAt], [UpdatedAt], [LoginIdentityID]) VALUES (24, N'co-testing', N'coordinator-testing', N'mysmartrp+co@gmail.com', NULL, NULL, NULL, NULL, CAST(N'2018-03-06T21:31:53.993' AS DateTime), CAST(N'2018-03-06T21:31:53.993' AS DateTime), N'7892b0aa-5c3c-4c14-a61e-047d2766c82d')
INSERT [dbo].[User] ([ID], [Firstname], [Lastname], [Email], [Phone], [Introduction], [ResumeURL], [SuggestedKeyword], [CreatedAt], [UpdatedAt], [LoginIdentityID]) VALUES (25, N'st1-testing', N'student-testing', N'mysmartrp+s1@gmail.com', NULL, N'Sample student9', NULL, NULL, CAST(N'2018-03-06T21:32:04.693' AS DateTime), CAST(N'2018-03-06T21:32:04.693' AS DateTime), N'832a2e37-3f02-4fef-9dbb-74b6f1e14a91')
INSERT [dbo].[User] ([ID], [Firstname], [Lastname], [Email], [Phone], [Introduction], [ResumeURL], [SuggestedKeyword], [CreatedAt], [UpdatedAt], [LoginIdentityID]) VALUES (26, N'cosuper1', N'cosuper1', N'mysmartrp+cosuper1@gmail.com', NULL, N' Academic Profile 
You need to create an academic profile in order to use this system. You can update your profile any time', NULL, NULL, CAST(N'2018-03-09T08:45:08.013' AS DateTime), CAST(N'2018-03-09T08:45:08.013' AS DateTime), N'3349460a-1857-4c15-9d84-85d59e481597')
INSERT [dbo].[User] ([ID], [Firstname], [Lastname], [Email], [Phone], [Introduction], [ResumeURL], [SuggestedKeyword], [CreatedAt], [UpdatedAt], [LoginIdentityID]) VALUES (27, N'Veena', N'Ramachandran', N'veena.ramachandran@student.uts.edu.au', NULL, N'I am a Postgraduate student of Masters in IT, with a major in Data Analytics. I have 6 years of experience in technology industry, developing and maintaining applications and databases; analyzing user needs and developing solutions.', N'~/Resources/resume/veena-resume.docx', NULL, CAST(N'2018-03-12T23:35:09.503' AS DateTime), CAST(N'2018-03-12T23:35:09.503' AS DateTime), N'98267d42-91b3-4b18-b275-0212099cdf27')
INSERT [dbo].[User] ([ID], [Firstname], [Lastname], [Email], [Phone], [Introduction], [ResumeURL], [SuggestedKeyword], [CreatedAt], [UpdatedAt], [LoginIdentityID]) VALUES (28, N'CHUNGUANG', N'WANG', N'onecg216@163.com', N'0449595266', N'My major is internetworking', NULL, NULL, CAST(N'2018-03-12T23:50:45.223' AS DateTime), CAST(N'2018-03-12T23:50:45.223' AS DateTime), N'5b341977-6301-4304-913b-c32fb76c10bf')
INSERT [dbo].[User] ([ID], [Firstname], [Lastname], [Email], [Phone], [Introduction], [ResumeURL], [SuggestedKeyword], [CreatedAt], [UpdatedAt], [LoginIdentityID]) VALUES (29, N'Shan', N'Wang', N'shanwangtop@gmail.com', N'0435663896', N'Industrial Design and IT student. In this project, I really want to know more about the latest technology and acquire more knowledge at such a high speed IT industry.', NULL, NULL, CAST(N'2018-03-13T02:59:13.693' AS DateTime), CAST(N'2018-03-13T02:59:13.693' AS DateTime), N'c2cb7f64-37a1-45cb-a35c-5ceb08b49455')
INSERT [dbo].[User] ([ID], [Firstname], [Lastname], [Email], [Phone], [Introduction], [ResumeURL], [SuggestedKeyword], [CreatedAt], [UpdatedAt], [LoginIdentityID]) VALUES (30, N'Yifan ', N'Wang', N'yvanwang66@gmail.com', NULL, N'Hi, this is Yifan Wang. My major is software development in UTS. I am interested in programming. This is my last semester about completing my master of IT degree. I will do my best in the research  project', NULL, NULL, CAST(N'2018-03-13T03:37:06.523' AS DateTime), CAST(N'2018-03-13T03:37:06.523' AS DateTime), N'fd75b22f-3c96-46a7-bb99-db514f9e4890')
INSERT [dbo].[User] ([ID], [Firstname], [Lastname], [Email], [Phone], [Introduction], [ResumeURL], [SuggestedKeyword], [CreatedAt], [UpdatedAt], [LoginIdentityID]) VALUES (31, N'yuxin', N'peng', N'12520146@student.uts.edu.au', N'0481100011', N'My name is Yuxin Peng, an international student from China. My major is IT, and my bachelor is computer science. ', NULL, NULL, CAST(N'2018-03-13T03:37:11.070' AS DateTime), CAST(N'2018-03-13T03:37:11.070' AS DateTime), N'3c62a368-73ff-4b76-95f2-b1e5a74dfcdb')
INSERT [dbo].[User] ([ID], [Firstname], [Lastname], [Email], [Phone], [Introduction], [ResumeURL], [SuggestedKeyword], [CreatedAt], [UpdatedAt], [LoginIdentityID]) VALUES (32, N'WENYI', N'HUANG', N'12478501@student.uts.edu.au', N'0413256955', N'My major is Software development. I have experience in C# development, database, BI project.', NULL, NULL, CAST(N'2018-03-13T10:42:48.807' AS DateTime), CAST(N'2018-03-13T10:42:48.807' AS DateTime), N'97bacfe4-0f20-4935-b062-88be3fd0f9fc')
INSERT [dbo].[User] ([ID], [Firstname], [Lastname], [Email], [Phone], [Introduction], [ResumeURL], [SuggestedKeyword], [CreatedAt], [UpdatedAt], [LoginIdentityID]) VALUES (33, N'Sample-st3', N'Sample-st3', N'mysmartrp+student3@gmail.com', NULL, N'Sample-st3', NULL, NULL, CAST(N'2018-03-14T08:13:15.660' AS DateTime), CAST(N'2018-03-14T08:13:15.660' AS DateTime), N'f765d973-d7d2-4a30-8f0d-bd694b17a031')
INSERT [dbo].[User] ([ID], [Firstname], [Lastname], [Email], [Phone], [Introduction], [ResumeURL], [SuggestedKeyword], [CreatedAt], [UpdatedAt], [LoginIdentityID]) VALUES (34, NULL, NULL, N'samuel.ferguson@uts.edu.au', NULL, NULL, NULL, NULL, CAST(N'2018-03-13T23:02:53.520' AS DateTime), CAST(N'2018-03-13T23:02:53.520' AS DateTime), N'e2372f3b-1e4f-47e9-a399-8cd0a9a51700')
INSERT [dbo].[User] ([ID], [Firstname], [Lastname], [Email], [Phone], [Introduction], [ResumeURL], [SuggestedKeyword], [CreatedAt], [UpdatedAt], [LoginIdentityID]) VALUES (35, NULL, NULL, N'david.mcgloin@uts.edu.au', NULL, NULL, NULL, NULL, CAST(N'2018-03-14T00:24:50.920' AS DateTime), CAST(N'2018-03-14T00:24:50.920' AS DateTime), N'e8eda0ad-e730-47db-8369-8f3f90b52929')
INSERT [dbo].[User] ([ID], [Firstname], [Lastname], [Email], [Phone], [Introduction], [ResumeURL], [SuggestedKeyword], [CreatedAt], [UpdatedAt], [LoginIdentityID]) VALUES (36, N'Zongda', N'Li', N'Zongda.Li@student.uts.edu.au', N'0421118968', N'Bacheor of Information System', NULL, NULL, CAST(N'2018-03-14T02:13:22.573' AS DateTime), CAST(N'2018-03-14T02:13:22.573' AS DateTime), N'84c1aaa3-d1be-4cd7-adf7-5f559701922d')
INSERT [dbo].[User] ([ID], [Firstname], [Lastname], [Email], [Phone], [Introduction], [ResumeURL], [SuggestedKeyword], [CreatedAt], [UpdatedAt], [LoginIdentityID]) VALUES (37, N'Tian', N'Liu ', N'12716193@student.uts.edu.au', N'0415769145', N'I''ve been working several years in IT filed. And now I''m interested in Machine Learning and Data Analytics.', N'~/Resources/resume/tianliu.docx', NULL, CAST(N'2018-03-14T05:38:31.690' AS DateTime), CAST(N'2018-03-14T05:38:31.690' AS DateTime), N'354882ee-a66c-4696-a6c6-2e1c14f5ff52')
INSERT [dbo].[User] ([ID], [Firstname], [Lastname], [Email], [Phone], [Introduction], [ResumeURL], [SuggestedKeyword], [CreatedAt], [UpdatedAt], [LoginIdentityID]) VALUES (38, N'Bandana', N'Khadka', N'Bandana.Khadka@student.uts.edu.au', N'0405551571', N'I am a Software Engineer from Nepal. I have 2+ years of work experience as a Developer. This is my last semester for the Masters course. My major is Software Development and sub-major is Data Analytics.', NULL, NULL, CAST(N'2018-03-14T08:28:13.930' AS DateTime), CAST(N'2018-03-14T08:28:13.930' AS DateTime), N'76edd30f-806b-4da8-9e65-85bf337b9b58')
INSERT [dbo].[User] ([ID], [Firstname], [Lastname], [Email], [Phone], [Introduction], [ResumeURL], [SuggestedKeyword], [CreatedAt], [UpdatedAt], [LoginIdentityID]) VALUES (39, N'Luke', N'Franco', N'Luke.M.Franco@student.uts.edu.au', NULL, N'Hello I am currently studying a networking degree. ', NULL, NULL, CAST(N'2018-03-14T08:56:55.600' AS DateTime), CAST(N'2018-03-14T08:56:55.600' AS DateTime), N'aafb883c-55b9-4d7b-8d7d-4d4062bdb2b9')
INSERT [dbo].[User] ([ID], [Firstname], [Lastname], [Email], [Phone], [Introduction], [ResumeURL], [SuggestedKeyword], [CreatedAt], [UpdatedAt], [LoginIdentityID]) VALUES (40, N'Mark', N'El Khoury', N'markkhoury17@gmail.com', N'0411689663', N'Computer engineer. ', NULL, NULL, CAST(N'2018-03-14T09:13:52.507' AS DateTime), CAST(N'2018-03-14T09:13:52.507' AS DateTime), N'5e0221b3-ff57-47b5-b8fa-ad23b76b0c9f')
INSERT [dbo].[User] ([ID], [Firstname], [Lastname], [Email], [Phone], [Introduction], [ResumeURL], [SuggestedKeyword], [CreatedAt], [UpdatedAt], [LoginIdentityID]) VALUES (41, N'Ruijue', N'Zou', N'12427389@student.uts.edu.au', N'0449890918', N'Master of IT
Major: Software Development
Sub-major: Data Analytics', NULL, NULL, CAST(N'2018-03-14T10:27:34.237' AS DateTime), CAST(N'2018-03-14T10:27:34.237' AS DateTime), N'9c4021f0-f28a-41e5-9668-6c230c8500ff')
INSERT [dbo].[User] ([ID], [Firstname], [Lastname], [Email], [Phone], [Introduction], [ResumeURL], [SuggestedKeyword], [CreatedAt], [UpdatedAt], [LoginIdentityID]) VALUES (42, NULL, NULL, N'mysmartrp+cosuper001@gmail.com', NULL, NULL, NULL, NULL, CAST(N'2018-03-14T11:43:29.987' AS DateTime), CAST(N'2018-03-14T11:43:29.987' AS DateTime), N'09f12abc-0008-4871-a929-1f2017212626')
INSERT [dbo].[User] ([ID], [Firstname], [Lastname], [Email], [Phone], [Introduction], [ResumeURL], [SuggestedKeyword], [CreatedAt], [UpdatedAt], [LoginIdentityID]) VALUES (43, NULL, NULL, N'christina@cairnsholidayspecialists.com.au', NULL, NULL, NULL, NULL, CAST(N'2018-03-15T03:00:55.247' AS DateTime), CAST(N'2018-03-15T03:00:55.247' AS DateTime), N'5cea36f8-c747-4904-acc3-198cc2653fc7')
INSERT [dbo].[User] ([ID], [Firstname], [Lastname], [Email], [Phone], [Introduction], [ResumeURL], [SuggestedKeyword], [CreatedAt], [UpdatedAt], [LoginIdentityID]) VALUES (44, N'Shifeng', N'Zhang', N'12431476@student.uts.edu.au', N'0403664501', N'Master of Science in Internetworking', NULL, NULL, CAST(N'2018-03-15T04:23:33.037' AS DateTime), CAST(N'2018-03-15T04:23:33.037' AS DateTime), N'4434e430-9c10-4006-aaad-6189cd1f357b')
INSERT [dbo].[User] ([ID], [Firstname], [Lastname], [Email], [Phone], [Introduction], [ResumeURL], [SuggestedKeyword], [CreatedAt], [UpdatedAt], [LoginIdentityID]) VALUES (45, N'Ying', N'Shang', N'12481747@student.uts.edu.au', N'0410146472', N'UTS', NULL, NULL, CAST(N'2018-03-15T06:08:40.073' AS DateTime), CAST(N'2018-03-15T06:08:40.073' AS DateTime), N'ab6ce64b-ea5e-40b5-b005-a5c27431dbff')
INSERT [dbo].[User] ([ID], [Firstname], [Lastname], [Email], [Phone], [Introduction], [ResumeURL], [SuggestedKeyword], [CreatedAt], [UpdatedAt], [LoginIdentityID]) VALUES (46, N'Rajan', N'Prasad', N'11201973@student.uts.edu.au', N'0422884015', N'Work Life: I currently run my own business in IT and Engineering. Been doing this for the past 2 years. I use to be a System Administrator at WiseTech Global. I  worked at WiseTech Global for approximately 6 years.

', NULL, NULL, CAST(N'2018-03-15T06:51:43.577' AS DateTime), CAST(N'2018-03-15T06:51:43.577' AS DateTime), N'9601f190-bb55-4b42-b611-b0de032bf0e0')
INSERT [dbo].[User] ([ID], [Firstname], [Lastname], [Email], [Phone], [Introduction], [ResumeURL], [SuggestedKeyword], [CreatedAt], [UpdatedAt], [LoginIdentityID]) VALUES (47, N'Shuang', N'Liang', N'liamlsat93@gmail.com', N'0420666397', N'Master of Information Technology 	Start by 20 March 2017
', NULL, NULL, CAST(N'2018-03-15T09:55:49.237' AS DateTime), CAST(N'2018-03-15T09:55:49.237' AS DateTime), N'3978fd51-c8c0-4808-9d58-766568458ac9')
INSERT [dbo].[User] ([ID], [Firstname], [Lastname], [Email], [Phone], [Introduction], [ResumeURL], [SuggestedKeyword], [CreatedAt], [UpdatedAt], [LoginIdentityID]) VALUES (48, N'SHUAI', N'CHEN', N'catherinechen427@gmail.com', N'0424461221', N'I am a full-time student in Master of Information Technology. This is my second semester at UTS. I used to work as a front-end web designer for one year. I have been in Australia for one and half years.', N'~/Resources/resume/resume-shuaichen.pdf', NULL, CAST(N'2018-03-15T12:23:41.223' AS DateTime), CAST(N'2018-03-15T12:23:41.223' AS DateTime), N'd07398f9-6edc-458f-98ce-914ad8e6f1c6')
INSERT [dbo].[User] ([ID], [Firstname], [Lastname], [Email], [Phone], [Introduction], [ResumeURL], [SuggestedKeyword], [CreatedAt], [UpdatedAt], [LoginIdentityID]) VALUES (49, N'Farhan', N'Saeed', N'farhan.youthe@gmail.com', N'0413225849', N'Currently doing my Masters of IT from UTS, previously I hold a bachelors degree in computer science. I worked as a freelance web developer for four years and in Australia I have worked for different companies as a web developer working with different web technologies.', N'~/Resources/resume/farhansaeed-resume.pdf', NULL, CAST(N'2018-03-15T16:47:09.420' AS DateTime), CAST(N'2018-03-15T16:47:09.420' AS DateTime), N'f165ae8a-dce4-4034-a89f-27b49c662cd0')
INSERT [dbo].[User] ([ID], [Firstname], [Lastname], [Email], [Phone], [Introduction], [ResumeURL], [SuggestedKeyword], [CreatedAt], [UpdatedAt], [LoginIdentityID]) VALUES (50, N'Disha', N'Patel', N'dishapatel723@gmail.com', N'0405402096', N'I have completed my graduation back to my home country with 85% in 10th Board, 71% in 12th board and 8.3 GPA in Bachelors. I completed my bachelors in Business of Administration in Information Technology Management (Honors)', N'~/Resources/resume/resumenewdisha.docx', NULL, CAST(N'2018-03-15T23:11:38.323' AS DateTime), CAST(N'2018-03-15T23:11:38.323' AS DateTime), N'9f9f7dcc-f282-4e4b-bb7a-82db929bc647')
INSERT [dbo].[User] ([ID], [Firstname], [Lastname], [Email], [Phone], [Introduction], [ResumeURL], [SuggestedKeyword], [CreatedAt], [UpdatedAt], [LoginIdentityID]) VALUES (51, N'YOONHYE', N'JUNG', N'yoonhye.jung@student.uts.edu.au', N'0412077017', N'I am majoring in Software development. I am interested in development for e-commerce website and application by applying AI technology.', NULL, NULL, CAST(N'2018-03-15T23:12:24.240' AS DateTime), CAST(N'2018-03-15T23:12:24.240' AS DateTime), N'9442f974-e715-4d3d-9c0d-c2813f6ab61d')
INSERT [dbo].[User] ([ID], [Firstname], [Lastname], [Email], [Phone], [Introduction], [ResumeURL], [SuggestedKeyword], [CreatedAt], [UpdatedAt], [LoginIdentityID]) VALUES (52, N'Mohammad Ashikus', N'Salehin', N'ashikussalehin@gmail.com', N'0470236282', N'I have completed my bachelors in Computer Science from BRAC University. Now I am doing my masters  in IT(Business information System) at UTS.', N'~/Resources/resume/cv_ashikus1.7.pdf', NULL, CAST(N'2018-03-15T23:36:27.420' AS DateTime), CAST(N'2018-03-15T23:36:27.420' AS DateTime), N'0d86ca3b-3b25-49d3-b1c8-9fc617cd82cb')
INSERT [dbo].[User] ([ID], [Firstname], [Lastname], [Email], [Phone], [Introduction], [ResumeURL], [SuggestedKeyword], [CreatedAt], [UpdatedAt], [LoginIdentityID]) VALUES (53, N'neo', N'Pan', N'di.pan@student.uts.edu.au', N'0415053123', N'Later.', NULL, NULL, CAST(N'2018-03-16T00:35:27.723' AS DateTime), CAST(N'2018-03-16T00:35:27.723' AS DateTime), N'2383d230-359f-4b0e-b85e-3d25d11c6a92')
INSERT [dbo].[User] ([ID], [Firstname], [Lastname], [Email], [Phone], [Introduction], [ResumeURL], [SuggestedKeyword], [CreatedAt], [UpdatedAt], [LoginIdentityID]) VALUES (54, N'Li Jian', N'Lee', N'12646865@student.uts.edu.au', N'0403331394', N'asd', NULL, NULL, CAST(N'2018-03-16T00:43:43.020' AS DateTime), CAST(N'2018-03-16T00:43:43.020' AS DateTime), N'0c68318a-a1f3-4882-86e7-b22550d2c4de')
INSERT [dbo].[User] ([ID], [Firstname], [Lastname], [Email], [Phone], [Introduction], [ResumeURL], [SuggestedKeyword], [CreatedAt], [UpdatedAt], [LoginIdentityID]) VALUES (55, NULL, NULL, N'zsfacml@gmail.com', NULL, NULL, NULL, NULL, CAST(N'2018-03-16T00:45:22.793' AS DateTime), CAST(N'2018-03-16T00:45:22.793' AS DateTime), N'617887da-d3b4-44b4-86b4-a63f1e77ed4d')
INSERT [dbo].[User] ([ID], [Firstname], [Lastname], [Email], [Phone], [Introduction], [ResumeURL], [SuggestedKeyword], [CreatedAt], [UpdatedAt], [LoginIdentityID]) VALUES (56, N'Thitarat', N'Lertnimittham', N'Thitarat.Lertnimittham-1@student.uts.edu.au', N'0415542459', N'I have graduated in Bachelor of Fine and Applied arts, Exhibition design major in Thailand and also studied in interactive digital media field in TAFE.I have experienced in a graphic design more than 3 years. Now I am studying in Master of IT, UTS.', NULL, NULL, CAST(N'2018-03-16T06:15:57.283' AS DateTime), CAST(N'2018-03-16T06:15:57.283' AS DateTime), N'0b7d4b75-0515-42a8-84cf-41603cafc380')
INSERT [dbo].[User] ([ID], [Firstname], [Lastname], [Email], [Phone], [Introduction], [ResumeURL], [SuggestedKeyword], [CreatedAt], [UpdatedAt], [LoginIdentityID]) VALUES (57, N'Soorya', N'venkatachalam', N'sooryagrt@gmail.com', N'0406458283', N'Master in IT', NULL, NULL, CAST(N'2018-03-17T04:59:44.300' AS DateTime), CAST(N'2018-03-17T04:59:44.300' AS DateTime), N'581b054b-669d-4cef-bbfc-08e04e521a16')
INSERT [dbo].[User] ([ID], [Firstname], [Lastname], [Email], [Phone], [Introduction], [ResumeURL], [SuggestedKeyword], [CreatedAt], [UpdatedAt], [LoginIdentityID]) VALUES (58, N'Nabin', N'Sharma', N'nabin.sharma@uts.edu.au', N'0450977815', N'Dr. Nabin Sharma is a Lecturer, School of Software, Faculty of Engineering & IT at UTS. He graduated with a PhD from the School of ICT, Griffith University, Queensland, Australia. His research area focuses on video and image processing, pattern recognition, and machine learning.', N'~/Resources/resume/cv_nabinsharma-current.pdf', NULL, CAST(N'2018-03-18T23:35:15.373' AS DateTime), CAST(N'2018-03-18T23:35:15.373' AS DateTime), N'8a69902e-c18e-4851-995c-4c4909bace8f')
INSERT [dbo].[User] ([ID], [Firstname], [Lastname], [Email], [Phone], [Introduction], [ResumeURL], [SuggestedKeyword], [CreatedAt], [UpdatedAt], [LoginIdentityID]) VALUES (59, N'Nic', N'Surawski', N'nicholas.surawski@uts.edu.au', NULL, N'Bit of a legend really.', NULL, NULL, CAST(N'2018-03-19T03:12:08.387' AS DateTime), CAST(N'2018-03-19T03:12:08.387' AS DateTime), N'4cb7b47d-1872-4373-95cf-8c31ff3e62e2')
INSERT [dbo].[User] ([ID], [Firstname], [Lastname], [Email], [Phone], [Introduction], [ResumeURL], [SuggestedKeyword], [CreatedAt], [UpdatedAt], [LoginIdentityID]) VALUES (60, N'Xiaoping', N'Wang', N'sophia.wangxp@gmail.com', N'0414079535', N'Currently In Software Development Major', N'~/Resources/resume/resume_sophia_australia_it.pdf', NULL, CAST(N'2018-03-19T05:24:21.623' AS DateTime), CAST(N'2018-03-19T05:24:21.623' AS DateTime), N'ac10c7a7-609e-4e33-8f31-8523180323d0')
INSERT [dbo].[User] ([ID], [Firstname], [Lastname], [Email], [Phone], [Introduction], [ResumeURL], [SuggestedKeyword], [CreatedAt], [UpdatedAt], [LoginIdentityID]) VALUES (61, NULL, NULL, N'129686@uts.edu.au', NULL, NULL, NULL, NULL, CAST(N'2018-03-19T05:32:52.357' AS DateTime), CAST(N'2018-03-19T05:32:52.357' AS DateTime), N'9cca57c0-aa10-4e7b-bf56-8905eb93e946')
INSERT [dbo].[User] ([ID], [Firstname], [Lastname], [Email], [Phone], [Introduction], [ResumeURL], [SuggestedKeyword], [CreatedAt], [UpdatedAt], [LoginIdentityID]) VALUES (62, N'Chao', N'Mei', N'12642171@student.uts.edu.au', N'0466892850', N'Master of Information Technology in University of Technology, Sydney', NULL, NULL, CAST(N'2018-03-19T06:21:28.263' AS DateTime), CAST(N'2018-03-19T06:21:28.263' AS DateTime), N'9a42335a-a01e-4438-83e4-431c3f549421')
INSERT [dbo].[User] ([ID], [Firstname], [Lastname], [Email], [Phone], [Introduction], [ResumeURL], [SuggestedKeyword], [CreatedAt], [UpdatedAt], [LoginIdentityID]) VALUES (63, N'Katarzyna', N'Musial', N'katarzyna.musial-gabrys@uts.edu.au', N'0295144491', N'My main areas of research are complex networked systems, and analysis of their dynamics and evolution, as well as predictive, adaptive modelling of networked systems. I am also fascinated by the controllability and control mechanisms in complex networks.', N'~/Resources/resume/musial_gabrys_short_cv_10.2017.pdf', NULL, CAST(N'2018-03-20T00:40:38.540' AS DateTime), CAST(N'2018-03-20T00:40:38.540' AS DateTime), N'b1c75dfd-7638-4cc7-a200-535031ed846a')
INSERT [dbo].[User] ([ID], [Firstname], [Lastname], [Email], [Phone], [Introduction], [ResumeURL], [SuggestedKeyword], [CreatedAt], [UpdatedAt], [LoginIdentityID]) VALUES (64, N'Roberto', N'Martinez-Maldonado', N'roberto.martinez-maldonado@uts.edu.au', N'0295141914', N'Dr Roberto Martinez-Maldonado has a background in Computing Engineering. His areas of research include Human-Computer Interaction (HCI, CSCW), Learning Analytics, Artificial Intelligence (AIED, EDM) and Collaborative Learning (CSCL). ', N'~/Resources/resume/martinez-maldonado-roberto_resumedecember2018.pdf', NULL, CAST(N'2018-03-20T00:58:15.487' AS DateTime), CAST(N'2018-03-20T00:58:15.487' AS DateTime), N'1e5bf660-d442-4fcb-b28b-50421172416a')
INSERT [dbo].[User] ([ID], [Firstname], [Lastname], [Email], [Phone], [Introduction], [ResumeURL], [SuggestedKeyword], [CreatedAt], [UpdatedAt], [LoginIdentityID]) VALUES (65, N'Naga', N'Nalamati', N'12220505@student.uts.edu.au', N'0435350905', N'Pursuing PhD in the Data Streams. Experimenting in classification, regression and recommendation problems in NLP domain  related areas. Other areas of interest are active learning, human computer interface, interaction design, interactive learning. ', NULL, NULL, CAST(N'2018-03-21T00:56:34.290' AS DateTime), CAST(N'2018-03-21T00:56:34.290' AS DateTime), N'ae6cd02a-8f90-439f-9dd6-4e2786672088')
INSERT [dbo].[User] ([ID], [Firstname], [Lastname], [Email], [Phone], [Introduction], [ResumeURL], [SuggestedKeyword], [CreatedAt], [UpdatedAt], [LoginIdentityID]) VALUES (66, N'Alen', N'Alempijevic', N'Alen.Alempijevic@uts.edu.au', N'02 95142 963', N'I''ve received a B.Eng. Computer Systems Engineering and PhD degree from UTS in 2004 and 2009 respectively. Currently I have several industry driven projects in perception and machine on infrastructure maintenance, underground coal mining, human-robot interaction and estimation of biological systems.', NULL, NULL, CAST(N'2018-03-22T23:13:44.533' AS DateTime), CAST(N'2018-03-22T23:13:44.533' AS DateTime), N'69538856-1c34-41d4-b83e-11b2615c5464')
INSERT [dbo].[User] ([ID], [Firstname], [Lastname], [Email], [Phone], [Introduction], [ResumeURL], [SuggestedKeyword], [CreatedAt], [UpdatedAt], [LoginIdentityID]) VALUES (67, N'John', N'Massy-Greene', N'12755334@student.uts.edu.au', N'02 9363 4328', N'I am a final year Master of IT student majoring in Cyber Security.', N'~/Resources/resume/johnmassygreeneresume2018.pdf', NULL, CAST(N'2018-03-22T23:45:12.430' AS DateTime), CAST(N'2018-03-22T23:45:12.430' AS DateTime), N'67aa1a69-d234-4289-b586-ec5403af1580')
INSERT [dbo].[User] ([ID], [Firstname], [Lastname], [Email], [Phone], [Introduction], [ResumeURL], [SuggestedKeyword], [CreatedAt], [UpdatedAt], [LoginIdentityID]) VALUES (68, N'Aditya ', N'Kumar', N'12444345@student.uts.edu.au', N'0468919958', N'I am currently enrolled in Masters in IT with a bachelors of technology in Computer Science.
Also I have an experience of 2 years in Accenture as a software developer.
Enthusiastic about technology and research.', N'~/Resources/resume/aditya_resume_.pdf', NULL, CAST(N'2018-03-23T00:07:57.633' AS DateTime), CAST(N'2018-03-23T00:07:57.633' AS DateTime), N'df120382-3a7b-4ef6-8b62-213dd73d442b')
INSERT [dbo].[User] ([ID], [Firstname], [Lastname], [Email], [Phone], [Introduction], [ResumeURL], [SuggestedKeyword], [CreatedAt], [UpdatedAt], [LoginIdentityID]) VALUES (69, N'Ritika', N'Karki', N'12444372@student.uts.edu.au', N'0426662909', N'Enthusiastic individual with engineering background and interest in latest technology.
Currently enrolled in Masters in IT. Have industry experience of 2+ years', N'~/Resources/resume/resume_ritikauts.pdf', NULL, CAST(N'2018-03-23T00:09:03.300' AS DateTime), CAST(N'2018-03-23T00:09:03.300' AS DateTime), N'5907b57f-1245-4af7-9354-0f984f1caa37')
INSERT [dbo].[User] ([ID], [Firstname], [Lastname], [Email], [Phone], [Introduction], [ResumeURL], [SuggestedKeyword], [CreatedAt], [UpdatedAt], [LoginIdentityID]) VALUES (70, N'Jonathan', N'Chu', N'jonathan.chu@student.uts.edu.au', N'0423376683', N'I have a background in Biblical and Hebrew studies but I have been working in the IT industry as a technician. This is my last semester before I move into an IT security graduate role at Deloitte', N'~/Resources/resume/jonathan''sresume.pdf', NULL, CAST(N'2018-03-23T00:09:07.237' AS DateTime), CAST(N'2018-03-23T00:09:07.237' AS DateTime), N'c9874084-1f77-4bc1-9ecd-92cc9065c948')
INSERT [dbo].[User] ([ID], [Firstname], [Lastname], [Email], [Phone], [Introduction], [ResumeURL], [SuggestedKeyword], [CreatedAt], [UpdatedAt], [LoginIdentityID]) VALUES (71, N'Arun', N'Bhati', N'12716508@student.uts.edu.au', N'0424622805', N'I am  studying masters of technology and my major is  business information systems.', N'~/Resources/resume/arun-resume.docx', NULL, CAST(N'2018-03-23T00:09:59.127' AS DateTime), CAST(N'2018-03-23T00:09:59.127' AS DateTime), N'c8f3268d-a3eb-4d1d-aa5f-626084be01c7')
INSERT [dbo].[User] ([ID], [Firstname], [Lastname], [Email], [Phone], [Introduction], [ResumeURL], [SuggestedKeyword], [CreatedAt], [UpdatedAt], [LoginIdentityID]) VALUES (72, N'PENGJU', N'LIU', N'liupengju44@gmail.com', N'0410881966', N'My major is software development.', NULL, NULL, CAST(N'2018-03-23T00:11:20.393' AS DateTime), CAST(N'2018-03-23T00:11:20.393' AS DateTime), N'd5fc6d81-8607-41cd-b950-a374eb662be5')
INSERT [dbo].[User] ([ID], [Firstname], [Lastname], [Email], [Phone], [Introduction], [ResumeURL], [SuggestedKeyword], [CreatedAt], [UpdatedAt], [LoginIdentityID]) VALUES (73, N'yilun', N'sun', N'isuzyfan@gmail.com', N'0449287339', N'computer science', NULL, NULL, CAST(N'2018-03-23T00:12:21.867' AS DateTime), CAST(N'2018-03-23T00:12:21.867' AS DateTime), N'a0ffb53a-0340-415c-b03e-133cc1102674')
INSERT [dbo].[User] ([ID], [Firstname], [Lastname], [Email], [Phone], [Introduction], [ResumeURL], [SuggestedKeyword], [CreatedAt], [UpdatedAt], [LoginIdentityID]) VALUES (74, N'Pawan', N'Patil', N'PawanVilas.Patil@student.uts.edu.au', N'0481125047', N'Completed Bachleors in IT, but coming from Sales and Marketing background helps in thinking from business perspective. Current job profile at Optus Business Centre helps in increasing the skills on corporate level.', NULL, NULL, CAST(N'2018-03-23T00:13:19.213' AS DateTime), CAST(N'2018-03-23T00:13:19.213' AS DateTime), N'fdce3d31-0064-459f-b2ca-24e89aeb0068')
INSERT [dbo].[User] ([ID], [Firstname], [Lastname], [Email], [Phone], [Introduction], [ResumeURL], [SuggestedKeyword], [CreatedAt], [UpdatedAt], [LoginIdentityID]) VALUES (75, N'Hongrui', N'Wang', N'hongrui.wang@student.uts.edu.au', N'0466901637', N'I got bachelor degree in Applied Psychology. And I''m studying in IT now. My major choice is internet working. ', NULL, NULL, CAST(N'2018-03-23T00:17:29.293' AS DateTime), CAST(N'2018-03-23T00:17:29.293' AS DateTime), N'08b57d3c-2435-4f85-817d-42e6dd67d7eb')
INSERT [dbo].[User] ([ID], [Firstname], [Lastname], [Email], [Phone], [Introduction], [ResumeURL], [SuggestedKeyword], [CreatedAt], [UpdatedAt], [LoginIdentityID]) VALUES (76, N'Junpeng', N'Wang', N'enkil057@gmail.com', N'0426072057', N'My major is Software development,  I have experience at game design, BI project.', NULL, NULL, CAST(N'2018-03-23T00:20:08.583' AS DateTime), CAST(N'2018-03-23T00:20:08.583' AS DateTime), N'0589858e-484b-454b-9c3a-b4c7218c141c')
INSERT [dbo].[User] ([ID], [Firstname], [Lastname], [Email], [Phone], [Introduction], [ResumeURL], [SuggestedKeyword], [CreatedAt], [UpdatedAt], [LoginIdentityID]) VALUES (77, N'Mayuri', N'Kalmegh', N'Mayuri.Kalmegh@gmail.com', N'0420402792', N'I have my bachelors degree in Electronics and Communications and have work experience of an year on Mainframe. Currently, Im pursuing my masters in IT(major as business information systems).', NULL, NULL, CAST(N'2018-03-23T00:54:18.183' AS DateTime), CAST(N'2018-03-23T00:54:18.183' AS DateTime), N'94096756-58f2-4f3a-9f98-69925343a115')
INSERT [dbo].[User] ([ID], [Firstname], [Lastname], [Email], [Phone], [Introduction], [ResumeURL], [SuggestedKeyword], [CreatedAt], [UpdatedAt], [LoginIdentityID]) VALUES (78, N'giyang', N'wiharja', N'giyang.wiharja@student.uts.edu.au', N'0410171623', N'major in interactive media most of the production done in my bachelor are game designs', NULL, NULL, CAST(N'2018-03-23T01:10:54.990' AS DateTime), CAST(N'2018-03-23T01:10:54.990' AS DateTime), N'cf8d92fb-13b9-408b-a0bb-f89dde5b04fc')
INSERT [dbo].[User] ([ID], [Firstname], [Lastname], [Email], [Phone], [Introduction], [ResumeURL], [SuggestedKeyword], [CreatedAt], [UpdatedAt], [LoginIdentityID]) VALUES (79, N'Qingqing ', N'Yin', N'12521581@student.uts.edu.au', N'0423650948', N'I am Qingqing Yin from china.  I have a Bachelor of Computer Science and this is my last semester for doing master of IT. ', NULL, NULL, CAST(N'2018-03-23T01:13:58.723' AS DateTime), CAST(N'2018-03-23T01:13:58.723' AS DateTime), N'93be7221-be63-47a4-862a-008df1aebba1')
INSERT [dbo].[User] ([ID], [Firstname], [Lastname], [Email], [Phone], [Introduction], [ResumeURL], [SuggestedKeyword], [CreatedAt], [UpdatedAt], [LoginIdentityID]) VALUES (80, N'Fengshuo', N'Xie', N'12520932@student.uts.edu.au', NULL, N'Master of IT', NULL, NULL, CAST(N'2018-03-23T01:36:17.893' AS DateTime), CAST(N'2018-03-23T01:36:17.893' AS DateTime), N'a6c12287-1c63-4b5d-bbb0-b90f745c26f3')
INSERT [dbo].[User] ([ID], [Firstname], [Lastname], [Email], [Phone], [Introduction], [ResumeURL], [SuggestedKeyword], [CreatedAt], [UpdatedAt], [LoginIdentityID]) VALUES (81, N'Bashair', N'Alrashed', N'99183954@student.uts.edu.au', NULL, N'My Bacholar Degree was in the IT and I have programming experience ', NULL, NULL, CAST(N'2018-03-23T01:37:35.663' AS DateTime), CAST(N'2018-03-23T01:37:35.663' AS DateTime), N'12a0bd28-0d79-4601-9a17-a9b9a6c6982c')
INSERT [dbo].[User] ([ID], [Firstname], [Lastname], [Email], [Phone], [Introduction], [ResumeURL], [SuggestedKeyword], [CreatedAt], [UpdatedAt], [LoginIdentityID]) VALUES (82, N'Shunan', N'Tong', N'athenatsn@gmail.com', N'0450320976', N'My name is Shunan Tong, an international student from China. ', NULL, NULL, CAST(N'2018-03-23T01:59:08.497' AS DateTime), CAST(N'2018-03-23T01:59:08.497' AS DateTime), N'fba26050-3752-4b93-acd2-60f084daf7d8')
INSERT [dbo].[User] ([ID], [Firstname], [Lastname], [Email], [Phone], [Introduction], [ResumeURL], [SuggestedKeyword], [CreatedAt], [UpdatedAt], [LoginIdentityID]) VALUES (83, N'John', N'John', N'12638425@student.uts.edu.au', N'0416337660', N'Electronics and communication engineer pursuing Master of science in Internetworking in UTS. Backed by experience in Cisco and Redhat server administration for more than 1.5 years.', NULL, NULL, CAST(N'2018-03-23T02:16:08.207' AS DateTime), CAST(N'2018-03-23T02:16:08.207' AS DateTime), N'4ca81cc3-e10d-4f75-9695-e3e66cafe32e')
INSERT [dbo].[User] ([ID], [Firstname], [Lastname], [Email], [Phone], [Introduction], [ResumeURL], [SuggestedKeyword], [CreatedAt], [UpdatedAt], [LoginIdentityID]) VALUES (84, N'BImal', N'Poudel', N'poudelbimal33@gmail.com', N'0414925108', N'im currently studying master in internetworking', NULL, NULL, CAST(N'2018-03-23T02:28:49.123' AS DateTime), CAST(N'2018-03-23T02:28:49.123' AS DateTime), N'2c3ac8df-9a17-4987-b750-e89b5daea4ce')
INSERT [dbo].[User] ([ID], [Firstname], [Lastname], [Email], [Phone], [Introduction], [ResumeURL], [SuggestedKeyword], [CreatedAt], [UpdatedAt], [LoginIdentityID]) VALUES (85, N'Mengyi', N'Li', N'mengyi.li@student.uts.edu.au', N'0435468897', N'graduated from University of Winnipeg and Beijing Union University', NULL, NULL, CAST(N'2018-03-23T14:51:21.830' AS DateTime), CAST(N'2018-03-23T14:51:21.830' AS DateTime), N'da6cf76f-a1b8-48f2-9606-74a2a4bdf3cc')
INSERT [dbo].[User] ([ID], [Firstname], [Lastname], [Email], [Phone], [Introduction], [ResumeURL], [SuggestedKeyword], [CreatedAt], [UpdatedAt], [LoginIdentityID]) VALUES (86, N'Yilan', N'Fu', N'yilan.fu@student.uts.edu.au', N'0406332740', N'Im the software development student in UTS, I have experience with effective communication with corporate clients and the academic background of enterprise business requirement elicitation. ', NULL, NULL, CAST(N'2018-03-24T06:09:28.680' AS DateTime), CAST(N'2018-03-24T06:09:28.680' AS DateTime), N'f9973bad-7277-460e-850b-1ff57dd87346')
INSERT [dbo].[User] ([ID], [Firstname], [Lastname], [Email], [Phone], [Introduction], [ResumeURL], [SuggestedKeyword], [CreatedAt], [UpdatedAt], [LoginIdentityID]) VALUES (87, N'Doan', N'Hoang', N'Doan.Hoang@uts.edu.au', N'02 95147943', N'Doan B. Hoang is a Professor in the School of Electrical and Data Engineering, Faculty of Engineering and Information Technology, University of Technology Sydney (UTS). Currently, he leads research in Virtualized Infrastructures and Cyber Security (VICS). ', N'~/Resources/resume/utsprojectsdh-biography.pdf', NULL, CAST(N'2018-03-24T22:02:22.663' AS DateTime), CAST(N'2018-03-24T22:02:22.663' AS DateTime), N'a398ba62-6d26-4f17-9478-0391e7824cf9')
INSERT [dbo].[User] ([ID], [Firstname], [Lastname], [Email], [Phone], [Introduction], [ResumeURL], [SuggestedKeyword], [CreatedAt], [UpdatedAt], [LoginIdentityID]) VALUES (88, N'Nicholas', N'Santosa', N'nicholas.k.santosa@student.uts.edu.au', NULL, N'Master of IT', NULL, NULL, CAST(N'2018-03-25T01:38:50.033' AS DateTime), CAST(N'2018-03-25T01:38:50.033' AS DateTime), N'7f389b53-90ad-41b7-86c4-ea5f9c160151')
INSERT [dbo].[User] ([ID], [Firstname], [Lastname], [Email], [Phone], [Introduction], [ResumeURL], [SuggestedKeyword], [CreatedAt], [UpdatedAt], [LoginIdentityID]) VALUES (89, N'Neha', N'Kochhar', N'nehakochhar878@gmail.com', N'0435075212', N'I have completed my bachelors from Lovely Professional university,India in Electronics and communication with my major in communication and minor in Information Technology.Presently, I am pursuing my masters of Technology in Business Information system.', N'~/Resources/resume/cv.pdf', NULL, CAST(N'2018-03-25T11:06:17.080' AS DateTime), CAST(N'2018-03-25T11:06:17.080' AS DateTime), N'8e6490e8-9283-4441-a184-ba2ca510440b')
INSERT [dbo].[User] ([ID], [Firstname], [Lastname], [Email], [Phone], [Introduction], [ResumeURL], [SuggestedKeyword], [CreatedAt], [UpdatedAt], [LoginIdentityID]) VALUES (90, NULL, NULL, N'srinivas.madhisetty@uts.edu.au', NULL, NULL, NULL, NULL, CAST(N'2018-03-25T22:14:45.967' AS DateTime), CAST(N'2018-03-25T22:14:45.967' AS DateTime), N'7048bb55-6986-47a8-93aa-524a6eb13033')
INSERT [dbo].[User] ([ID], [Firstname], [Lastname], [Email], [Phone], [Introduction], [ResumeURL], [SuggestedKeyword], [CreatedAt], [UpdatedAt], [LoginIdentityID]) VALUES (91, N'Manpreet', N'kaur', N'Manpreetkaur82888@gmail.com', N'0451133498', N'I did graduation in computer application and post graduation diploma in computer application from India.', NULL, NULL, CAST(N'2018-03-26T00:46:02.963' AS DateTime), CAST(N'2018-03-26T00:46:02.963' AS DateTime), N'f036e153-787b-4b86-ad59-bfa92f4c5b16')
INSERT [dbo].[User] ([ID], [Firstname], [Lastname], [Email], [Phone], [Introduction], [ResumeURL], [SuggestedKeyword], [CreatedAt], [UpdatedAt], [LoginIdentityID]) VALUES (92, N'Michael', N'Gemin', N'michael.gemin2@gmail.com', N'0449776559', N'Master of Science (Internetworking) (UTS current)
Bachelor of Engineering (UNSW)', N'~/Resources/resume/resume-mgemin2017.docx', NULL, CAST(N'2018-03-26T03:52:30.410' AS DateTime), CAST(N'2018-03-26T03:52:30.410' AS DateTime), N'dd29cf00-ab3f-4f2f-8b3d-96dd5916cfaf')
INSERT [dbo].[User] ([ID], [Firstname], [Lastname], [Email], [Phone], [Introduction], [ResumeURL], [SuggestedKeyword], [CreatedAt], [UpdatedAt], [LoginIdentityID]) VALUES (93, N'Jitong', N'Liu', N'1137050955@qq.com', N'0451704784', N'I am a student of IT, I know a little bit about python. ', NULL, NULL, CAST(N'2018-03-26T04:09:26.997' AS DateTime), CAST(N'2018-03-26T04:09:26.997' AS DateTime), N'88902fa6-aa1c-44da-a0cf-ea77a8d43734')
INSERT [dbo].[User] ([ID], [Firstname], [Lastname], [Email], [Phone], [Introduction], [ResumeURL], [SuggestedKeyword], [CreatedAt], [UpdatedAt], [LoginIdentityID]) VALUES (94, N'Tahmid', N'Tishat', N'tishat@live.com', N'0403556271', N'I am research student of Master course work. ', N'~/Resources/resume/cvtahmidtishatupdated.pdf', NULL, CAST(N'2018-03-26T04:59:23.963' AS DateTime), CAST(N'2018-03-26T04:59:23.963' AS DateTime), N'98385b57-f2cc-41ae-9446-120cd3a650a6')
INSERT [dbo].[User] ([ID], [Firstname], [Lastname], [Email], [Phone], [Introduction], [ResumeURL], [SuggestedKeyword], [CreatedAt], [UpdatedAt], [LoginIdentityID]) VALUES (95, N'jian', N'sun', N'12192860@student.uts.edu.au', NULL, N'data science', NULL, NULL, CAST(N'2018-03-26T09:13:35.637' AS DateTime), CAST(N'2018-03-26T09:13:35.637' AS DateTime), N'aa7e78a5-971f-4672-b006-30ff08c57e32')
INSERT [dbo].[User] ([ID], [Firstname], [Lastname], [Email], [Phone], [Introduction], [ResumeURL], [SuggestedKeyword], [CreatedAt], [UpdatedAt], [LoginIdentityID]) VALUES (96, N'Mustafa', N'Murshed', N'Mustafa.M.Murshed@student.uts.edu.au', N'0416768972', N'I''m doing a Masters of IT at UTS, my background is clothing retail.', NULL, NULL, CAST(N'2018-03-26T10:24:15.153' AS DateTime), CAST(N'2018-03-26T10:24:15.153' AS DateTime), N'36bfffe6-850f-4412-8a41-3eb86a9d8096')
INSERT [dbo].[User] ([ID], [Firstname], [Lastname], [Email], [Phone], [Introduction], [ResumeURL], [SuggestedKeyword], [CreatedAt], [UpdatedAt], [LoginIdentityID]) VALUES (97, N'Zhaoxing', N'Ding', N'Zhaoxing.Ding@student.uts.edu.au', N'0452180827', N'From China. Last year. Master of IT.', NULL, NULL, CAST(N'2018-03-26T10:39:34.173' AS DateTime), CAST(N'2018-03-26T10:39:34.173' AS DateTime), N'f2cf9a6f-d22d-4a11-8c0f-738010c450a2')
INSERT [dbo].[User] ([ID], [Firstname], [Lastname], [Email], [Phone], [Introduction], [ResumeURL], [SuggestedKeyword], [CreatedAt], [UpdatedAt], [LoginIdentityID]) VALUES (98, N'SHIH-TING', N'HUANG', N'yellowsean@gmail.com', NULL, N'1231', N'~/Resources/resume/resume-seanhuangnew1.docx.pdf', NULL, CAST(N'2018-03-26T10:41:48.923' AS DateTime), CAST(N'2018-03-26T10:41:48.923' AS DateTime), N'3c0860bb-f2ef-4411-91db-63cd98584440')
INSERT [dbo].[User] ([ID], [Firstname], [Lastname], [Email], [Phone], [Introduction], [ResumeURL], [SuggestedKeyword], [CreatedAt], [UpdatedAt], [LoginIdentityID]) VALUES (99, N'Priyadarsi', N'Nanda', N'priyadarsi.nanda@uts.edu.au', N'0295141853', N'Academic', NULL, NULL, CAST(N'2018-03-27T02:38:33.053' AS DateTime), CAST(N'2018-03-27T02:38:33.053' AS DateTime), N'2af41c09-4475-4c43-a4f9-ef407b5830e2')

INSERT [dbo].[User] ([ID], [Firstname], [Lastname], [Email], [Phone], [Introduction], [ResumeURL], [SuggestedKeyword], [CreatedAt], [UpdatedAt], [LoginIdentityID]) VALUES (100, N'Ramandeep', N'Chandla', N'ramandeep.chandla@student.uts.edu.au', NULL, N'I have completed Bachelors of Information and Communications Technology from Western Sydney University and currently pursuing Master of Information Technology - Data Analytics at UTS.', NULL, NULL, CAST(N'2018-03-27T11:53:27.740' AS DateTime), CAST(N'2018-03-27T11:53:27.740' AS DateTime), N'7894ea52-7243-45cd-a124-a495e724812c')
INSERT [dbo].[User] ([ID], [Firstname], [Lastname], [Email], [Phone], [Introduction], [ResumeURL], [SuggestedKeyword], [CreatedAt], [UpdatedAt], [LoginIdentityID]) VALUES (101, N'Xiangwei', N'Wang', N'794728421@qq.com', N'0420708342', N'My name is Xiangwei Wang. I''m a student of UTS and studying in master of information technoloy(extention). My major is Business Information System and I have finished my courses such as Project Management, Global Information Systems, ', NULL, NULL, CAST(N'2018-03-27T12:03:44.843' AS DateTime), CAST(N'2018-03-27T12:03:44.843' AS DateTime), N'cae82f69-b1a1-4f07-96a8-a48b3f8c4080')
INSERT [dbo].[User] ([ID], [Firstname], [Lastname], [Email], [Phone], [Introduction], [ResumeURL], [SuggestedKeyword], [CreatedAt], [UpdatedAt], [LoginIdentityID]) VALUES (102, N'Heran', N'Sun', N'11579529@student.uts.edu.au', N'0431271690', N'I''m doing the project of Eurovision Song Contest results analysis.', NULL, NULL, CAST(N'2018-03-28T01:21:48.253' AS DateTime), CAST(N'2018-03-28T01:21:48.253' AS DateTime), N'32743751-9ac1-4af1-9bbc-edaf0a6ae131')
INSERT [dbo].[User] ([ID], [Firstname], [Lastname], [Email], [Phone], [Introduction], [ResumeURL], [SuggestedKeyword], [CreatedAt], [UpdatedAt], [LoginIdentityID]) VALUES (103, NULL, NULL, N'kumbesan.sandrasegaran@uts.edu.au', NULL, NULL, NULL, NULL, CAST(N'2018-03-28T01:36:50.937' AS DateTime), CAST(N'2018-03-28T01:36:50.937' AS DateTime), N'55bc31bf-9687-4b40-89d7-511c87501695')
INSERT [dbo].[User] ([ID], [Firstname], [Lastname], [Email], [Phone], [Introduction], [ResumeURL], [SuggestedKeyword], [CreatedAt], [UpdatedAt], [LoginIdentityID]) VALUES (104, N'MANCHUN', N'CHENG', N'ManChun.Cheng-1@student.uts.edu.au', N'0423011326', N'bachelor degree : Information communication 
studying in Master of Information Technology
', NULL, NULL, CAST(N'2018-03-28T03:03:11.973' AS DateTime), CAST(N'2018-03-28T03:03:11.973' AS DateTime), N'5c73dde6-fbd1-4c26-b987-d648eb6b5fda')
INSERT [dbo].[User] ([ID], [Firstname], [Lastname], [Email], [Phone], [Introduction], [ResumeURL], [SuggestedKeyword], [CreatedAt], [UpdatedAt], [LoginIdentityID]) VALUES (105, N'vella', N'liu', N'yuanzhen.liu@student.uts.edu.au', N'0449595866', N'second year master student, Major in Networking', NULL, NULL, CAST(N'2018-03-28T03:32:57.170' AS DateTime), CAST(N'2018-03-28T03:32:57.170' AS DateTime), N'a6267b2c-a358-4a7f-b7f0-9e4fde20d832')
INSERT [dbo].[User] ([ID], [Firstname], [Lastname], [Email], [Phone], [Introduction], [ResumeURL], [SuggestedKeyword], [CreatedAt], [UpdatedAt], [LoginIdentityID]) VALUES (106, N'Yifan', N'Yang', N'99186746@student.uts.edu.au', N'0405558389', N'Self-motivated!', N'~/Resources/resume/yifanyangresume1.pdf', NULL, CAST(N'2018-03-28T04:05:46.713' AS DateTime), CAST(N'2018-03-28T04:05:46.713' AS DateTime), N'aed4eb38-7696-40fd-8df3-84b79160bbbc')
INSERT [dbo].[User] ([ID], [Firstname], [Lastname], [Email], [Phone], [Introduction], [ResumeURL], [SuggestedKeyword], [CreatedAt], [UpdatedAt], [LoginIdentityID]) VALUES (107, N'Mark', N'EL Khoury', N'mark.ELKhoury@student.uts.edu.au', NULL, N'Love food', NULL, NULL, CAST(N'2018-03-28T04:17:15.700' AS DateTime), CAST(N'2018-03-28T04:17:15.700' AS DateTime), N'9024c564-a070-40fa-932e-44e8996c3a24')
INSERT [dbo].[User] ([ID], [Firstname], [Lastname], [Email], [Phone], [Introduction], [ResumeURL], [SuggestedKeyword], [CreatedAt], [UpdatedAt], [LoginIdentityID]) VALUES (108, N'Zhengya', N'Lin', N'mandylin2933@gmail.com', N'0451231591', N'Bachelor of Animation design, graduated in Fuzhou University of International Studies and Trade in China.
I don''t have any programming experience, and have no any acknowledge in IT before study in UTS', NULL, NULL, CAST(N'2018-03-28T04:46:37.383' AS DateTime), CAST(N'2018-03-28T04:46:37.383' AS DateTime), N'94634760-54f3-4e68-8b8f-f784f163cbc3')
INSERT [dbo].[User] ([ID], [Firstname], [Lastname], [Email], [Phone], [Introduction], [ResumeURL], [SuggestedKeyword], [CreatedAt], [UpdatedAt], [LoginIdentityID]) VALUES (109, N'Avadhi', N'Kansara', N'avadhi18raval@gmail.com', N'0414698166', N'I am doing master in Information technology...', N'~/Resources/resume/avadhisalesresume.doc', NULL, CAST(N'2018-03-28T05:00:10.850' AS DateTime), CAST(N'2018-03-28T05:00:10.850' AS DateTime), N'3087611f-e2c5-44a1-a22b-745e237570ea')
INSERT [dbo].[User] ([ID], [Firstname], [Lastname], [Email], [Phone], [Introduction], [ResumeURL], [SuggestedKeyword], [CreatedAt], [UpdatedAt], [LoginIdentityID]) VALUES (110, N'Weipeng', N'Wang', N'12629186@student.uts.edu.au', N'0431201593', N'KENT', NULL, NULL, CAST(N'2018-03-28T11:17:19.623' AS DateTime), CAST(N'2018-03-28T11:17:19.623' AS DateTime), N'190dc764-dcae-45df-a155-ff1c16da197a')
INSERT [dbo].[User] ([ID], [Firstname], [Lastname], [Email], [Phone], [Introduction], [ResumeURL], [SuggestedKeyword], [CreatedAt], [UpdatedAt], [LoginIdentityID]) VALUES (111, N'bofeng', N'yang', N'bofeng.yang-1@student.uts.edu.au', N'0415237117', N'master of IT', NULL, NULL, CAST(N'2018-03-28T11:26:28.390' AS DateTime), CAST(N'2018-03-28T11:26:28.390' AS DateTime), N'6a98e9c5-fd0d-4334-b4a9-4fe4076b7651')
INSERT [dbo].[User] ([ID], [Firstname], [Lastname], [Email], [Phone], [Introduction], [ResumeURL], [SuggestedKeyword], [CreatedAt], [UpdatedAt], [LoginIdentityID]) VALUES (112, N'Saleh', N'Alkhamees', N'12475707@student.uts.edu.au', NULL, N'Hi everyone.', NULL, NULL, CAST(N'2018-03-28T12:42:01.163' AS DateTime), CAST(N'2018-03-28T12:42:01.163' AS DateTime), N'44672cea-3de8-4971-97f9-996c75129aa5')
INSERT [dbo].[User] ([ID], [Firstname], [Lastname], [Email], [Phone], [Introduction], [ResumeURL], [SuggestedKeyword], [CreatedAt], [UpdatedAt], [LoginIdentityID]) VALUES (113, N'Dhara', N'Patel', N'choudharydhara1989@gmail.com', N'0405362152', N'Master in Information Technology.', N'~/Resources/resume/resume.docx', NULL, CAST(N'2018-03-28T23:55:16.040' AS DateTime), CAST(N'2018-03-28T23:55:16.040' AS DateTime), N'9c136221-1aa7-4e26-b44b-ced4c107fe7b')
INSERT [dbo].[User] ([ID], [Firstname], [Lastname], [Email], [Phone], [Introduction], [ResumeURL], [SuggestedKeyword], [CreatedAt], [UpdatedAt], [LoginIdentityID]) VALUES (114, N'Soorya', N'venkatachalam', N'sooryavenkat93@gmail.com', N'0406458283', N'MIT student', NULL, NULL, CAST(N'2018-03-29T02:55:31.077' AS DateTime), CAST(N'2018-03-29T02:55:31.077' AS DateTime), N'9984b6dc-ae67-443f-94fe-9ba6880e7391')
INSERT [dbo].[User] ([ID], [Firstname], [Lastname], [Email], [Phone], [Introduction], [ResumeURL], [SuggestedKeyword], [CreatedAt], [UpdatedAt], [LoginIdentityID]) VALUES (115, N'Ziying', N'Zhou', N'janezzy666@gmail.com', N'0415990085', N'handwork and easygoing', NULL, NULL, CAST(N'2018-03-29T05:48:15.233' AS DateTime), CAST(N'2018-03-29T05:48:15.233' AS DateTime), N'19cbf159-e1a5-4fed-9648-e4e263b10261')
INSERT [dbo].[User] ([ID], [Firstname], [Lastname], [Email], [Phone], [Introduction], [ResumeURL], [SuggestedKeyword], [CreatedAt], [UpdatedAt], [LoginIdentityID]) VALUES (116, N'Monireh', N'Mirtalaie', N'm.mirtalaie@unsw.edu.au', N'0403709319', N'I am a PhD student in UNSW', N'~/Resources/resume/resume.pdf', NULL, CAST(N'2018-03-29T07:42:38.543' AS DateTime), CAST(N'2018-03-29T07:42:38.543' AS DateTime), N'9bf9af65-1976-415f-9071-41e8cd7dd349')
INSERT [dbo].[User] ([ID], [Firstname], [Lastname], [Email], [Phone], [Introduction], [ResumeURL], [SuggestedKeyword], [CreatedAt], [UpdatedAt], [LoginIdentityID]) VALUES (117, N'Noha', N'Sheikho', N'12507873@student.uts.edu.au', N'0451773828', N'master student
', NULL, NULL, CAST(N'2018-03-29T08:01:50.380' AS DateTime), CAST(N'2018-03-29T08:01:50.380' AS DateTime), N'41e87626-7f65-4775-9448-62fc7e2ab1fb')
INSERT [dbo].[User] ([ID], [Firstname], [Lastname], [Email], [Phone], [Introduction], [ResumeURL], [SuggestedKeyword], [CreatedAt], [UpdatedAt], [LoginIdentityID]) VALUES (118, N'Chang', N'Liu', N'1035807388@qq.com', N'0434023792', N'I am majoring in Business Information System.', NULL, NULL, CAST(N'2018-03-31T02:10:42.823' AS DateTime), CAST(N'2018-03-31T02:10:42.823' AS DateTime), N'93f0bbcb-da8d-416b-80d3-3921b2de3803')
INSERT [dbo].[User] ([ID], [Firstname], [Lastname], [Email], [Phone], [Introduction], [ResumeURL], [SuggestedKeyword], [CreatedAt], [UpdatedAt], [LoginIdentityID]) VALUES (119, N'Cheng', N'Peng', N'cheng.peng-3@student.uts.edu.au', N'0450846506', N'Bachelor of IT degree in software in the year 2013
Currently studying Business Information System in UTS for the master of IT degree.   ', NULL, NULL, CAST(N'2018-04-02T23:17:08.020' AS DateTime), CAST(N'2018-04-02T23:17:08.020' AS DateTime), N'dbbe1d35-692c-41a0-92d5-8857661cd722')
INSERT [dbo].[User] ([ID], [Firstname], [Lastname], [Email], [Phone], [Introduction], [ResumeURL], [SuggestedKeyword], [CreatedAt], [UpdatedAt], [LoginIdentityID]) VALUES (120, N'Mao Lin', N'Huang', N'Mao.Huang@uts.edu.au', NULL, N'I am Associate Professor in the School of Software', NULL, NULL, CAST(N'2018-04-03T02:46:38.937' AS DateTime), CAST(N'2018-04-03T02:46:38.937' AS DateTime), N'c6b88b7c-1bc4-4d77-8570-a9c5f3bc9c59')
INSERT [dbo].[User] ([ID], [Firstname], [Lastname], [Email], [Phone], [Introduction], [ResumeURL], [SuggestedKeyword], [CreatedAt], [UpdatedAt], [LoginIdentityID]) VALUES (121, N'XUAN', N'ZHANG', N'Gloaaron1016@gmail.com', N'0415811016', N'My major is BIS', NULL, NULL, CAST(N'2018-04-03T10:48:42.090' AS DateTime), CAST(N'2018-04-03T10:48:42.090' AS DateTime), N'bfe998e0-0d58-40f0-a33d-e1fb76bbe0a1')
INSERT [dbo].[User] ([ID], [Firstname], [Lastname], [Email], [Phone], [Introduction], [ResumeURL], [SuggestedKeyword], [CreatedAt], [UpdatedAt], [LoginIdentityID]) VALUES (122, N'JINGHAN', N'LIU', N'ivyljh1024@gmail.com', N'0431430712', N'My bachelor degree is EE, and learn some IT subject in my master subject now.', N'~/Resources/resume/wechatimg29.jpg', NULL, CAST(N'2018-04-03T14:07:00.463' AS DateTime), CAST(N'2018-04-03T14:07:00.463' AS DateTime), N'96ba5fa4-5ab0-4a7e-a577-3a8f67b5a56b')
INSERT [dbo].[User] ([ID], [Firstname], [Lastname], [Email], [Phone], [Introduction], [ResumeURL], [SuggestedKeyword], [CreatedAt], [UpdatedAt], [LoginIdentityID]) VALUES (124, NULL, NULL, N'Zhengya.Lin-1@student.uts.edu.au', NULL, NULL, NULL, NULL, CAST(N'2018-04-04T12:58:20.237' AS DateTime), CAST(N'2018-04-04T12:58:20.237' AS DateTime), N'81c425f0-ba17-48fb-8228-4dbbd1ff6573')
INSERT [dbo].[User] ([ID], [Firstname], [Lastname], [Email], [Phone], [Introduction], [ResumeURL], [SuggestedKeyword], [CreatedAt], [UpdatedAt], [LoginIdentityID]) VALUES (125, N'Negin', N'Shariati', N'negin.shariatimoghadam@gmail.com', NULL, N'I''m a lecture in the school of electrical', NULL, NULL, CAST(N'2018-04-05T03:52:26.277' AS DateTime), CAST(N'2018-04-05T03:52:26.277' AS DateTime), N'a82c7c64-c91d-4536-b3a4-55ea6be345b1')
INSERT [dbo].[User] ([ID], [Firstname], [Lastname], [Email], [Phone], [Introduction], [ResumeURL], [SuggestedKeyword], [CreatedAt], [UpdatedAt], [LoginIdentityID]) VALUES (126, NULL, NULL, N'walayathussain@gmail.com', NULL, NULL, NULL, NULL, CAST(N'2018-04-05T06:02:33.920' AS DateTime), CAST(N'2018-04-05T06:02:33.920' AS DateTime), N'def7b91d-e0a2-4f7a-b618-daa6f22792db')
INSERT [dbo].[User] ([ID], [Firstname], [Lastname], [Email], [Phone], [Introduction], [ResumeURL], [SuggestedKeyword], [CreatedAt], [UpdatedAt], [LoginIdentityID]) VALUES (127, N'zhaoxing', N'ding', N'zhaoxingding@126.com', N'0452180827', N'Master of IT', NULL, NULL, CAST(N'2018-04-05T07:07:01.693' AS DateTime), CAST(N'2018-04-05T07:07:01.693' AS DateTime), N'9c71e064-7a0a-4d04-b5d4-aebb657b9a99')
INSERT [dbo].[User] ([ID], [Firstname], [Lastname], [Email], [Phone], [Introduction], [ResumeURL], [SuggestedKeyword], [CreatedAt], [UpdatedAt], [LoginIdentityID]) VALUES (128, N'Junpeng', N'Wang', N'w5822332@sina.com', N'0426072057', N'My major is Software development, I have experience at game design, BI project.', NULL, NULL, CAST(N'2018-04-05T07:14:36.170' AS DateTime), CAST(N'2018-04-05T07:14:36.170' AS DateTime), N'682683e8-a484-4554-81cc-b5239a431848')
INSERT [dbo].[User] ([ID], [Firstname], [Lastname], [Email], [Phone], [Introduction], [ResumeURL], [SuggestedKeyword], [CreatedAt], [UpdatedAt], [LoginIdentityID]) VALUES (129, NULL, NULL, N'Madhu.Goyal-2@uts.edu.au', NULL, NULL, NULL, NULL, CAST(N'2018-04-11T05:00:51.470' AS DateTime), CAST(N'2018-04-11T05:00:51.470' AS DateTime), N'38a0c9e7-829e-4c6e-a4d5-29e01639834a')
INSERT [dbo].[User] ([ID], [Firstname], [Lastname], [Email], [Phone], [Introduction], [ResumeURL], [SuggestedKeyword], [CreatedAt], [UpdatedAt], [LoginIdentityID]) VALUES (130, N'Flavio', N'Pileggi', N'SalvatoreFlavio.Pileggi@uts.edu.au', N'02 9514 3173', N'Please visit my page at: https://www.uts.edu.au/staff/salvatoreflavio.pileggi', NULL, NULL, CAST(N'2018-05-24T01:12:26.193' AS DateTime), CAST(N'2018-05-24T01:12:26.193' AS DateTime), N'1824cc02-7662-489d-b03c-b39a998ba6e9')
SET IDENTITY_INSERT [dbo].[User] OFF
